New York State Department of Corrections and Community Supervision,Unnamed: 0,Unnamed: 1,Unnamed: 2,Unnamed: 3,Unnamed: 4,Unnamed: 5,Unnamed: 6,Unnamed: 7,Unnamed: 8,Unnamed: 9,Unnamed: 10,Unnamed: 11
"Incidents Originally Resulting in a SHU sanction - April 2022 (Dismissals Excluded, Only Guilty Rule Violations Included)",,,,,,,,,,,,
Date,Time,Facility,TIER,Guilty1,,Guilty2,,Guilty3,,TotalInfractions,Total GuiltyInfractions,OriginalSHUDays
2022-04-01,0805,Albion,3,114.10,SMUGGLING,106.10,DIRECT ORDER,113.22,PROP UNAUTH LOC,3,3,30
2022-04-01,1306,Auburn,3,114.10,SMUGGLING,116.10,LOSS/DAMAGE PROP,113.11,ALTERED ITEM,4,3,3
2022-04-01,0920,Auburn,3,113.10,WEAPON,,,,,2,1,80
2022-04-01,1100,Bedford Hills,3,114.10,SMUGGLING,113.33,DRUG POSSES,113.34,DRUG USE,7,7,180
2022-04-01,1435,Cape Vincent,3,102.10,THREATS,104.11,VIOLENT CONDUCT,106.10,DIRECT ORDER,5,5,48
2022-04-01,0805,Clinton,3,113.10,WEAPON,100.13,FIGHTING,104.11,VIOLENT CONDUCT,5,4,371
2022-04-01,1910,Clinton,3,100.13,FIGHTING,104.11,VIOLENT CONDUCT,106.10,DIRECT ORDER,4,4,120
2022-04-01,0820,Clinton,3,100.13,FIGHTING,104.11,VIOLENT CONDUCT,106.10,DIRECT ORDER,4,4,120
2022-04-01,0805,Clinton,3,100.13,FIGHTING,104.11,VIOLENT CONDUCT,106.10,DIRECT ORDER,4,3,35
2022-04-01,1250,Clinton,3,113.10,WEAPON,118.22,UNHYGIENIC ACT,104.11,VIOLENT CONDUCT,5,5,180
2022-04-01,1955,Clinton,3,100.13,FIGHTING,104.11,VIOLENT CONDUCT,106.10,DIRECT ORDER,4,4,45
2022-04-01,1910,Clinton,3,100.13,FIGHTING,104.11,VIOLENT CONDUCT,106.10,DIRECT ORDER,4,4,59
2022-04-01,1955,Clinton,3,100.13,FIGHTING,106.10,DIRECT ORDER,104.13,CREATE DISTURB,4,3,4
2022-04-01,0820,Clinton,3,100.13,FIGHTING,104.11,VIOLENT CONDUCT,106.10,DIRECT ORDER,4,4,90
2022-04-01,0805,Clinton,3,113.10,WEAPON,100.13,FIGHTING,104.11,VIOLENT CONDUCT,5,5,365
2022-04-01,1910,Clinton,3,100.13,FIGHTING,104.11,VIOLENT CONDUCT,106.10,DIRECT ORDER,4,4,33
2022-04-01,1035,Elmira,3,100.13,FIGHTING,104.11,VIOLENT CONDUCT,106.10,DIRECT ORDER,4,4,15
2022-04-01,1020,Fishkill,3,113.10,WEAPON,114.10,SMUGGLING,,,2,2,90
2022-04-01,1350,Five Points,3,100.11,ASSAULT ON STAFF,113.10,WEAPON,102.10,THREATS,8,8,180
2022-04-01,0745,Five Points,3,102.10,THREATS,107.10,INTERFERENCE,104.13,CREATE DISTURB,4,4,45
2022-04-01,1605,Five Points,3,113.10,WEAPON,100.13,FIGHTING,104.11,VIOLENT CONDUCT,6,6,365
2022-04-01,0805,Five Points,3,102.10,THREATS,104.11,VIOLENT CONDUCT,106.10,DIRECT ORDER,3,3,365
2022-04-01,0710,Franklin,3,100.13,FIGHTING,104.11,VIOLENT CONDUCT,106.10,DIRECT ORDER,4,4,60
2022-04-01,0710,Franklin,3,100.13,FIGHTING,102.10,THREATS,104.11,VIOLENT CONDUCT,6,5,93
2022-04-01,1125,Franklin,3,100.13,FIGHTING,102.10,THREATS,104.11,VIOLENT CONDUCT,4,4,60
2022-04-01,1405,Green Haven,3,100.11,ASSAULT ON STAFF,106.10,DIRECT ORDER,107.10,INTERFERENCE,4,4,102
2022-04-01,1930,Greene,3,100.11,ASSAULT ON STAFF,104.11,VIOLENT CONDUCT,,,3,2,730
2022-04-01,1905,Marcy,3,101.20,LEWD CONDUCT,,,,,1,1,15
2022-04-01,1400,Marcy,3,114.10,SMUGGLING,113.23,CONTRABAND,,,2,2,67
2022-04-01,1005,Marcy,3,102.10,THREATS,104.11,VIOLENT CONDUCT,106.10,DIRECT ORDER,5,5,150
2022-04-01,1619,Mid-State,3,102.10,THREATS,107.10,INTERFERENCE,,,4,2,60
2022-04-01,1626,Mohawk,3,100.11,ASSAULT ON STAFF,104.11,VIOLENT CONDUCT,106.10,DIRECT ORDER,4,4,60
2022-04-01,1040,Mohawk,3,104.11,VIOLENT CONDUCT,115.10,SEARCH/FRISK,106.10,DIRECT ORDER,4,4,15
2022-04-01,1626,Mohawk,3,100.13,FIGHTING,104.11,VIOLENT CONDUCT,106.10,DIRECT ORDER,4,4,30
2022-04-01,1626,Mohawk,3,100.13,FIGHTING,106.10,DIRECT ORDER,104.13,CREATE DISTURB,4,3,49
2022-04-01,0850,Upstate,3,100.13,FIGHTING,104.11,VIOLENT CONDUCT,106.10,DIRECT ORDER,4,3,60
2022-04-01,1111,Upstate,3,100.11,ASSAULT ON STAFF,118.22,UNHYGIENIC ACT,104.11,VIOLENT CONDUCT,5,4,150
2022-04-01,0928,Upstate,3,100.13,FIGHTING,104.11,VIOLENT CONDUCT,106.10,DIRECT ORDER,5,4,120
2022-04-01,0850,Upstate,3,100.13,FIGHTING,104.11,VIOLENT CONDUCT,106.10,DIRECT ORDER,4,3,60
2022-04-01,0928,Upstate,3,100.13,FIGHTING,104.11,VIOLENT CONDUCT,106.10,DIRECT ORDER,5,3,120
2022-04-01,0928,Upstate,3,100.10,ASSAULT ON INMATE,100.13,FIGHTING,104.11,VIOLENT CONDUCT,7,5,90
2022-04-01,0928,Upstate,3,100.13,FIGHTING,104.11,VIOLENT CONDUCT,106.10,DIRECT ORDER,5,3,60
2022-04-01,0928,Upstate,3,100.10,ASSAULT ON INMATE,100.13,FIGHTING,104.11,VIOLENT CONDUCT,7,5,90
"Incidents Originally Resulting in a SHU sanction - April 2022 (Dismissals Excluded, Only Guilty Rule Violations Included)",,,,,,,,,,,,
Date,Time,Facility,TIER,Guilty1,,Guilty2,,Guilty3,,TotalInfractions,Total GuiltyInfractions,OriginalSHUDays
2022-04-01,0850,Upstate,3,100.13,FIGHTING,104.11,VIOLENT CONDUCT,106.10,DIRECT ORDER,4,3,60
2022-04-01,1345,Wende,3,102.10,THREATS,102.10,THREATS,104.11,VIOLENT CONDUCT,10,10,175
2022-04-01,2305,Wyoming,3,102.10,THREATS,104.11,VIOLENT CONDUCT,106.10,DIRECT ORDER,6,6,60
2022-04-02,1800,Bare Hill,3,113.10,WEAPON,114.10,SMUGGLING,,,2,2,180
2022-04-02,1128,Cayuga,3,104.11,VIOLENT CONDUCT,104.13,CREATE DISTURB,107.11,HARASSMENT,4,3,30
2022-04-02,0705,Cayuga,3,102.10,THREATS,104.12,DEMONSTRATION,106.10,DIRECT ORDER,6,5,60
2022-04-02,0705,Cayuga,3,102.10,THREATS,104.11,VIOLENT CONDUCT,104.12,DEMONSTRATION,6,6,60
2022-04-02,1610,Collins,3,106.10,DIRECT ORDER,107.10,INTERFERENCE,,,2,2,6
2022-04-02,1936,Collins,3,100.11,ASSAULT ON STAFF,104.11,VIOLENT CONDUCT,115.10,SEARCH/FRISK,6,6,90
2022-04-02,2045,Eastern,3,113.10,WEAPON,102.10,THREATS,,,2,2,92
2022-04-02,1115,Elmira,3,100.10,ASSAULT ON INMATE,113.10,WEAPON,100.13,FIGHTING,6,6,548
2022-04-02,1630,Five Points,3,100.10,ASSAULT ON INMATE,113.10,WEAPON,100.13,FIGHTING,6,6,203
2022-04-02,1620,Great Meadow,3,102.10,THREATS,104.11,VIOLENT CONDUCT,104.13,CREATE DISTURB,5,4,60
2022-04-02,0815,Great Meadow,3,113.10,WEAPON,102.10,THREATS,113.23,CONTRABAND,5,4,180
2022-04-02,1000,Green Haven,3,113.10,WEAPON,,,,,2,1,221
2022-04-02,1235,Marcy,3,104.11,VIOLENT CONDUCT,106.10,DIRECT ORDER,107.10,INTERFERENCE,5,5,123
2022-04-02,1040,Mohawk,3,113.10,WEAPON,113.11,ALTERED ITEM,,,2,2,90
2022-04-02,0755,Sing Sing,3,118.22,UNHYGIENIC ACT,,,,,2,1,100
2022-04-02,1950,Wende,3,100.13,FIGHTING,104.11,VIOLENT CONDUCT,,,2,2,2
2022-04-02,1950,Wende,3,100.13,FIGHTING,104.11,VIOLENT CONDUCT,106.10,DIRECT ORDER,3,3,90
2022-04-02,1749,Wyoming,3,113.10,WEAPON,106.10,DIRECT ORDER,113.23,CONTRABAND,7,6,182
2022-04-03,1010,Auburn,3,100.13,FIGHTING,104.11,VIOLENT CONDUCT,106.10,DIRECT ORDER,4,4,120
2022-04-03,2115,Bedford Hills,3,100.11,ASSAULT ON STAFF,104.11,VIOLENT CONDUCT,107.10,INTERFERENCE,4,4,120
2022-04-03,1650,Clinton,3,100.10,ASSAULT ON INMATE,113.10,WEAPON,104.11,VIOLENT CONDUCT,5,3,365
2022-04-03,1700,Collins,3,106.10,DIRECT ORDER,107.10,INTERFERENCE,,,2,2,15
2022-04-03,1755,Coxsackie,3,100.11,ASSAULT ON STAFF,100.11,ASSAULT ON STAFF,118.10,ARSON,8,8,90
2022-04-03,2035,Franklin,3,102.10,THREATS,106.10,DIRECT ORDER,104.13,CREATE DISTURB,3,3,30
2022-04-03,1435,Great Meadow,3,100.13,FIGHTING,104.11,VIOLENT CONDUCT,104.13,CREATE DISTURB,5,3,100
2022-04-03,0754,Greene,3,100.13,FIGHTING,104.11,VIOLENT CONDUCT,106.10,DIRECT ORDER,3,3,15
2022-04-03,0754,Greene,3,100.13,FIGHTING,104.11,VIOLENT CONDUCT,106.10,DIRECT ORDER,3,3,15
2022-04-03,1600,Mid-State,3,100.11,ASSAULT ON STAFF,102.10,THREATS,104.11,VIOLENT CONDUCT,6,5,60
2022-04-03,1700,Mid-State,3,100.11,ASSAULT ON STAFF,104.11,VIOLENT CONDUCT,106.10,DIRECT ORDER,4,4,94
2022-04-03,0604,Mid-State,3,100.11,ASSAULT ON STAFF,104.11,VIOLENT CONDUCT,104.11,VIOLENT CONDUCT,9,6,9
2022-04-03,1651,Mohawk,3,102.10,THREATS,104.11,VIOLENT CONDUCT,106.10,DIRECT ORDER,4,4,90
2022-04-03,1505,Ulster,3,102.10,THREATS,104.11,VIOLENT CONDUCT,115.10,SEARCH/FRISK,6,6,30
2022-04-03,1617,Upstate,3,100.13,FIGHTING,104.11,VIOLENT CONDUCT,106.10,DIRECT ORDER,5,5,60
2022-04-03,1510,Upstate,3,106.10,DIRECT ORDER,106.10,DIRECT ORDER,106.10,DIRECT ORDER,9,8,90
2022-04-04,1708,Bare Hill,3,102.10,THREATS,106.10,DIRECT ORDER,109.12,MOVEMENT VIO,3,3,45
2022-04-04,1000,Cayuga,3,114.10,SMUGGLING,113.34,DRUG USE,180.11,FACIL CORRESPOND,4,3,45
2022-04-04,1108,Clinton,3,104.11,VIOLENT CONDUCT,106.10,DIRECT ORDER,104.13,CREATE DISTURB,5,4,93
2022-04-04,1608,Clinton,3,100.13,FIGHTING,104.11,VIOLENT CONDUCT,106.10,DIRECT ORDER,4,4,110
2022-04-04,0730,Clinton,3,100.13,FIGHTING,104.11,VIOLENT CONDUCT,106.10,DIRECT ORDER,5,3,45
2022-04-04,0730,Clinton,3,100.13,FIGHTING,104.11,VIOLENT CONDUCT,106.10,DIRECT ORDER,5,3,2
"Incidents Originally Resulting in a SHU sanction - April 2022 (Dismissals Excluded, Only Guilty Rule Violations Included)",,,,,,,,,,,,
Date,Time,Facility,TIER,Guilty1,,Guilty2,,Guilty3,,TotalInfractions,Total GuiltyInfractions,OriginalSHUDays
2022-04-04,1608,Clinton,3,113.10,WEAPON,100.13,FIGHTING,104.11,VIOLENT CONDUCT,5,5,199
2022-04-04,1015,Clinton,3,102.10,THREATS,106.10,DIRECT ORDER,107.10,INTERFERENCE,3,3,47
2022-04-04,0950,Collins,3,106.10,DIRECT ORDER,107.10,INTERFERENCE,112.22,OBSTRUCT VISIB,3,3,60
2022-04-04,1545,Collins,3,100.13,FIGHTING,104.11,VIOLENT CONDUCT,106.10,DIRECT ORDER,3,3,30
2022-04-04,1545,Collins,3,100.13,FIGHTING,104.11,VIOLENT CONDUCT,106.10,DIRECT ORDER,3,3,30
2022-04-04,1910,Collins,3,100.11,ASSAULT ON STAFF,104.11,VIOLENT CONDUCT,104.13,CREATE DISTURB,3,3,60
2022-04-04,1610,Coxsackie,3,100.13,FIGHTING,104.11,VIOLENT CONDUCT,104.13,CREATE DISTURB,4,3,60
2022-04-04,1610,Coxsackie,3,100.13,FIGHTING,104.11,VIOLENT CONDUCT,106.10,DIRECT ORDER,4,4,15
2022-04-04,1610,Coxsackie,3,100.13,FIGHTING,104.11,VIOLENT CONDUCT,104.13,CREATE DISTURB,4,3,60
2022-04-04,1610,Coxsackie,3,100.13,FIGHTING,104.11,VIOLENT CONDUCT,105.13,GANGS,4,4,15
2022-04-04,0946,Eastern,3,102.10,THREATS,106.10,DIRECT ORDER,107.11,HARASSMENT,4,4,90
2022-04-04,1630,Eastern,3,113.10,WEAPON,100.13,FIGHTING,104.11,VIOLENT CONDUCT,7,7,135
2022-04-04,1310,Elmira,3,113.10,WEAPON,114.10,SMUGGLING,,,2,2,120
2022-04-04,0844,Fishkill,3,100.11,ASSAULT ON STAFF,104.11,VIOLENT CONDUCT,107.10,INTERFERENCE,4,3,60
2022-04-04,0850,Five Points,3,104.11,VIOLENT CONDUCT,115.10,SEARCH/FRISK,107.10,INTERFERENCE,4,4,29
2022-04-04,1000,Five Points,3,113.10,WEAPON,113.23,CONTRABAND,113.11,ALTERED ITEM,3,3,253
2022-04-04,1025,Franklin,3,102.10,THREATS,106.10,DIRECT ORDER,104.13,CREATE DISTURB,3,3,34
2022-04-04,2250,Franklin,3,102.10,THREATS,106.10,DIRECT ORDER,,,2,2,60
2022-04-04,1335,Franklin,3,100.13,FIGHTING,104.11,VIOLENT CONDUCT,,,2,2,80
2022-04-04,0830,Gouverneur,3,113.10,WEAPON,121.13,UNAUTH PHONE USE,113.23,CONTRABAND,5,5,278
2022-04-04,2006,Great Meadow,3,100.10,ASSAULT ON INMATE,100.13,FIGHTING,104.11,VIOLENT CONDUCT,6,4,90
2022-04-04,1815,Green Haven,3,100.11,ASSAULT ON STAFF,113.10,WEAPON,106.10,DIRECT ORDER,4,3,123
2022-04-04,1610,Greene,3,100.13,FIGHTING,104.11,VIOLENT CONDUCT,105.13,GANGS,5,5,29
2022-04-04,2200,Groveland,3,106.10,DIRECT ORDER,107.10,INTERFERENCE,107.11,HARASSMENT,4,4,2
2022-04-04,1630,Groveland,3,106.10,DIRECT ORDER,107.10,INTERFERENCE,109.12,MOVEMENT VIO,3,3,2
2022-04-04,1145,Marcy,3,100.11,ASSAULT ON STAFF,104.11,VIOLENT CONDUCT,,,4,2,90
2022-04-04,1340,Riverview,3,102.10,THREATS,106.10,DIRECT ORDER,107.10,INTERFERENCE,5,5,45
2022-04-04,0840,Sing Sing,3,100.11,ASSAULT ON STAFF,104.11,VIOLENT CONDUCT,106.10,DIRECT ORDER,4,4,15
2022-04-04,1500,Ulster,3,113.10,WEAPON,114.10,SMUGGLING,113.23,CONTRABAND,3,3,90
2022-04-04,1253,Upstate,3,100.13,FIGHTING,104.11,VIOLENT CONDUCT,106.10,DIRECT ORDER,4,4,30
2022-04-04,0840,Upstate,3,100.13,FIGHTING,104.11,VIOLENT CONDUCT,106.10,DIRECT ORDER,6,3,30
2022-04-04,0840,Upstate,3,100.13,FIGHTING,102.10,THREATS,104.11,VIOLENT CONDUCT,5,5,100
2022-04-04,1253,Upstate,3,100.13,FIGHTING,104.11,VIOLENT CONDUCT,106.10,DIRECT ORDER,4,4,90
2022-04-04,2355,Wende,3,100.11,ASSAULT ON STAFF,113.10,WEAPON,102.10,THREATS,7,7,119
2022-04-04,0840,Wyoming,3,113.10,WEAPON,114.10,SMUGGLING,113.23,CONTRABAND,4,4,122
2022-04-04,2352,Wyoming,3,100.10,ASSAULT ON INMATE,100.13,FIGHTING,104.11,VIOLENT CONDUCT,5,5,60
2022-04-05,1105,Albion,3,102.10,THREATS,106.10,DIRECT ORDER,181.10,HEARING DISP,4,4,60
2022-04-05,1350,Attica,3,100.10,ASSAULT ON INMATE,104.11,VIOLENT CONDUCT,106.10,DIRECT ORDER,4,4,120
2022-04-05,1030,Attica,3,102.10,THREATS,107.10,INTERFERENCE,104.13,CREATE DISTURB,4,4,199
2022-04-05,1135,Auburn,3,100.10,ASSAULT ON INMATE,104.11,VIOLENT CONDUCT,106.10,DIRECT ORDER,7,7,270
2022-04-05,1135,Auburn,3,100.10,ASSAULT ON INMATE,104.11,VIOLENT CONDUCT,106.10,DIRECT ORDER,5,5,90
2022-04-05,1135,Auburn,3,100.10,ASSAULT ON INMATE,113.10,WEAPON,100.13,FIGHTING,5,4,213
2022-04-05,0900,Auburn,3,102.10,THREATS,104.11,VIOLENT CONDUCT,106.10,DIRECT ORDER,5,5,30
"Incidents Originally Resulting in a SHU sanction - April 2022 (Dismissals Excluded, Only Guilty Rule Violations Included)",,,,,,,,,,,,
Date,Time,Facility,TIER,Guilty1,,Guilty2,,Guilty3,,TotalInfractions,Total GuiltyInfractions,OriginalSHUDays
2022-04-05,1400,Auburn,3,113.10,WEAPON,114.10,SMUGGLING,107.10,INTERFERENCE,3,3,90
2022-04-05,1621,Bare Hill,3,102.10,THREATS,104.11,VIOLENT CONDUCT,106.10,DIRECT ORDER,6,6,92
2022-04-05,1955,Clinton,3,100.13,FIGHTING,104.11,VIOLENT CONDUCT,106.10,DIRECT ORDER,4,3,89
2022-04-05,1910,Clinton,3,113.10,WEAPON,118.20,TATTOOING,,,2,2,180
2022-04-05,0750,Collins,3,113.10,WEAPON,,,,,1,1,30
2022-04-05,1400,Collins,3,104.11,VIOLENT CONDUCT,106.10,DIRECT ORDER,107.10,INTERFERENCE,4,4,30
2022-04-05,1721,Coxsackie,3,100.11,ASSAULT ON STAFF,118.22,UNHYGIENIC ACT,104.11,VIOLENT CONDUCT,4,4,120
2022-04-05,1721,Coxsackie,3,100.11,ASSAULT ON STAFF,118.22,UNHYGIENIC ACT,102.10,THREATS,5,5,90
2022-04-05,1721,Coxsackie,3,100.11,ASSAULT ON STAFF,118.22,UNHYGIENIC ACT,102.10,THREATS,5,5,90
2022-04-05,1205,Coxsackie,3,102.10,THREATS,,,,,1,1,120
2022-04-05,1505,Coxsackie,3,100.11,ASSAULT ON STAFF,118.22,UNHYGIENIC ACT,102.10,THREATS,10,10,90
2022-04-05,1721,Coxsackie,3,100.11,ASSAULT ON STAFF,118.22,UNHYGIENIC ACT,107.10,INTERFERENCE,5,4,60
2022-04-05,1010,Eastern,3,102.10,THREATS,104.11,VIOLENT CONDUCT,106.10,DIRECT ORDER,5,5,60
2022-04-05,0820,Elmira,3,100.13,FIGHTING,104.11,VIOLENT CONDUCT,106.10,DIRECT ORDER,4,4,30
2022-04-05,1255,Elmira,3,100.11,ASSAULT ON STAFF,104.11,VIOLENT CONDUCT,106.10,DIRECT ORDER,4,4,60
2022-04-05,0930,Five Points,3,102.10,THREATS,107.11,HARASSMENT,,,2,2,67
2022-04-05,1400,Five Points,3,100.10,ASSAULT ON INMATE,113.10,WEAPON,104.11,VIOLENT CONDUCT,6,6,180
2022-04-05,1015,Five Points,3,102.10,THREATS,104.11,VIOLENT CONDUCT,106.10,DIRECT ORDER,4,3,44
2022-04-05,2320,Franklin,3,102.10,THREATS,104.11,VIOLENT CONDUCT,104.13,CREATE DISTURB,3,3,21
2022-04-05,1124,Greene,3,100.10,ASSAULT ON INMATE,100.13,FIGHTING,104.11,VIOLENT CONDUCT,4,4,30
2022-04-05,1230,Greene,3,100.13,FIGHTING,104.11,VIOLENT CONDUCT,104.13,CREATE DISTURB,3,3,60
2022-04-05,1124,Greene,3,100.10,ASSAULT ON INMATE,100.13,FIGHTING,104.11,VIOLENT CONDUCT,4,4,90
2022-04-05,1124,Greene,3,100.10,ASSAULT ON INMATE,100.13,FIGHTING,104.11,VIOLENT CONDUCT,4,4,30
2022-04-05,1130,Riverview,3,100.10,ASSAULT ON INMATE,113.10,WEAPON,100.13,FIGHTING,6,6,182
2022-04-05,1130,Riverview,3,100.10,ASSAULT ON INMATE,113.10,WEAPON,100.13,FIGHTING,6,6,180
2022-04-05,0845,Sing Sing,3,100.11,ASSAULT ON STAFF,104.11,VIOLENT CONDUCT,106.10,DIRECT ORDER,4,4,75
2022-04-05,1550,Sing Sing,3,104.11,VIOLENT CONDUCT,106.10,DIRECT ORDER,107.10,INTERFERENCE,5,3,100
2022-04-05,0845,Sing Sing,3,100.11,ASSAULT ON STAFF,102.10,THREATS,104.11,VIOLENT CONDUCT,5,5,60
2022-04-05,1320,Upstate,3,104.12,DEMONSTRATION,104.12,DEMONSTRATION,106.10,DIRECT ORDER,8,8,180
2022-04-05,1320,Upstate,3,104.12,DEMONSTRATION,106.10,DIRECT ORDER,107.10,INTERFERENCE,4,4,45
2022-04-05,1320,Upstate,3,106.10,DIRECT ORDER,107.10,INTERFERENCE,,,4,2,15
2022-04-05,1320,Upstate,3,106.10,DIRECT ORDER,107.10,INTERFERENCE,104.13,CREATE DISTURB,4,3,30
2022-04-05,1320,Upstate,3,106.10,DIRECT ORDER,107.10,INTERFERENCE,104.13,CREATE DISTURB,4,3,30
2022-04-05,2345,Washington,3,100.13,FIGHTING,104.11,VIOLENT CONDUCT,106.10,DIRECT ORDER,5,5,90
2022-04-05,2345,Washington,3,100.13,FIGHTING,104.11,VIOLENT CONDUCT,106.10,DIRECT ORDER,5,5,36
2022-04-05,0930,Wende,3,114.10,SMUGGLING,113.34,DRUG USE,180.11,FACIL CORRESPOND,5,5,30
2022-04-05,1950,Woodbourne,3,114.10,SMUGGLING,113.23,CONTRABAND,,,2,2,45
2022-04-06,1425,Attica,3,100.13,FIGHTING,104.11,VIOLENT CONDUCT,106.10,DIRECT ORDER,5,5,74
2022-04-06,0832,Attica,3,104.11,VIOLENT CONDUCT,107.10,INTERFERENCE,109.12,MOVEMENT VIO,4,3,90
2022-04-06,1148,Attica,3,113.10,WEAPON,,,,,1,1,300
2022-04-06,0832,Attica,3,100.11,ASSAULT ON STAFF,118.22,UNHYGIENIC ACT,107.10,INTERFERENCE,4,4,270
2022-04-06,0715,Bare Hill,3,102.10,THREATS,115.10,SEARCH/FRISK,106.10,DIRECT ORDER,5,4,50
2022-04-06,0830,Cape Vincent,3,101.22,STALKING,101.20,LEWD CONDUCT,113.23,CONTRABAND,4,3,77
"Incidents Originally Resulting in a SHU sanction - April 2022 (Dismissals Excluded, Only Guilty Rule Violations Included)",,,,,,,,,,,,
Date,Time,Facility,TIER,Guilty1,,Guilty2,,Guilty3,,TotalInfractions,Total GuiltyInfractions,OriginalSHUDays
2022-04-06,1940,Clinton,3,113.10,WEAPON,100.13,FIGHTING,104.11,VIOLENT CONDUCT,6,6,367
2022-04-06,2200,Clinton,3,101.20,LEWD CONDUCT,,,,,2,1,45
2022-04-06,1315,Clinton,3,104.11,VIOLENT CONDUCT,115.10,SEARCH/FRISK,106.10,DIRECT ORDER,6,6,30
2022-04-06,1020,Clinton,3,104.12,DEMONSTRATION,106.10,DIRECT ORDER,104.13,CREATE DISTURB,3,3,133
2022-04-06,1010,Collins,3,102.10,THREATS,,,,,1,1,120
2022-04-06,0915,Coxsackie,3,102.10,THREATS,,,,,1,1,90
2022-04-06,0754,Coxsackie,3,100.13,FIGHTING,104.11,VIOLENT CONDUCT,106.10,DIRECT ORDER,4,4,92
2022-04-06,0754,Coxsackie,3,100.13,FIGHTING,104.11,VIOLENT CONDUCT,106.10,DIRECT ORDER,4,4,92
2022-04-06,1621,Coxsackie,3,100.13,FIGHTING,104.11,VIOLENT CONDUCT,106.10,DIRECT ORDER,4,4,15
2022-04-06,1621,Coxsackie,3,100.13,FIGHTING,104.11,VIOLENT CONDUCT,106.10,DIRECT ORDER,4,4,120
2022-04-06,1621,Coxsackie,3,100.13,FIGHTING,104.11,VIOLENT CONDUCT,104.13,CREATE DISTURB,3,3,15
2022-04-06,1015,Elmira,3,113.10,WEAPON,,,,,1,1,135
2022-04-06,2140,Elmira,3,100.10,ASSAULT ON INMATE,113.10,WEAPON,104.11,VIOLENT CONDUCT,4,4,60
2022-04-06,1510,Fishkill,3,113.10,WEAPON,114.10,SMUGGLING,109.10,OUT OF PLACE,3,3,90
2022-04-06,0920,Five Points,3,118.10,ARSON,106.10,DIRECT ORDER,107.10,INTERFERENCE,4,4,350
2022-04-06,0655,Five Points,3,100.11,ASSAULT ON STAFF,100.11,ASSAULT ON STAFF,118.22,UNHYGIENIC ACT,7,4,104
2022-04-06,1000,Franklin,3,113.33,DRUG POSSES,,,,,1,1,45
2022-04-06,2030,Gouverneur,3,104.11,VIOLENT CONDUCT,115.10,SEARCH/FRISK,106.10,DIRECT ORDER,5,5,120
2022-04-06,2045,Gouverneur,3,102.10,THREATS,104.11,VIOLENT CONDUCT,106.10,DIRECT ORDER,4,4,89
2022-04-06,2045,Gouverneur,3,102.10,THREATS,104.11,VIOLENT CONDUCT,106.10,DIRECT ORDER,4,4,89
2022-04-06,2045,Gouverneur,3,113.10,WEAPON,104.11,VIOLENT CONDUCT,106.10,DIRECT ORDER,6,5,90
2022-04-06,0807,Gouverneur,3,113.10,WEAPON,102.10,THREATS,109.15,REFUSE DBL CELLING,5,4,60
2022-04-06,1900,Great Meadow,3,113.10,WEAPON,113.23,CONTRABAND,113.11,ALTERED ITEM,3,3,365
2022-04-06,1730,Great Meadow,3,106.10,DIRECT ORDER,107.10,INTERFERENCE,,,4,2,15
2022-04-06,1200,Groveland,3,106.10,DIRECT ORDER,107.10,INTERFERENCE,109.12,MOVEMENT VIO,3,3,2
2022-04-06,1045,Groveland,3,106.10,DIRECT ORDER,107.10,INTERFERENCE,109.12,MOVEMENT VIO,3,3,89
2022-04-06,0815,Lakeview,3,100.11,ASSAULT ON STAFF,104.11,VIOLENT CONDUCT,106.10,DIRECT ORDER,5,5,365
2022-04-06,0815,Lakeview,3,100.11,ASSAULT ON STAFF,118.22,UNHYGIENIC ACT,104.11,VIOLENT CONDUCT,6,6,270
2022-04-06,2000,Lakeview,3,100.10,ASSAULT ON INMATE,104.11,VIOLENT CONDUCT,,,2,2,180
2022-04-06,0935,Marcy,3,104.11,VIOLENT CONDUCT,115.10,SEARCH/FRISK,106.10,DIRECT ORDER,4,4,60
2022-04-06,1945,Mid-State,3,104.11,VIOLENT CONDUCT,115.10,SEARCH/FRISK,106.10,DIRECT ORDER,3,3,15
2022-04-06,1025,Mohawk,3,114.10,SMUGGLING,113.23,CONTRABAND,,,2,2,60
2022-04-06,1715,Orleans,3,105.13,GANGS,114.10,SMUGGLING,113.23,CONTRABAND,3,3,90
2022-04-06,0820,Orleans,3,114.10,SMUGGLING,113.23,CONTRABAND,,,2,2,30
2022-04-06,0925,Riverview,3,100.13,FIGHTING,104.11,VIOLENT CONDUCT,106.10,DIRECT ORDER,4,4,102
2022-04-06,0815,Sing Sing,3,113.10,WEAPON,,,,,1,1,91
2022-04-06,0850,Upstate,3,100.13,FIGHTING,104.11,VIOLENT CONDUCT,106.10,DIRECT ORDER,4,4,60
2022-04-06,0850,Upstate,3,100.13,FIGHTING,104.11,VIOLENT CONDUCT,106.10,DIRECT ORDER,4,4,60
2022-04-06,0850,Upstate,3,100.13,FIGHTING,104.11,VIOLENT CONDUCT,106.10,DIRECT ORDER,4,4,30
2022-04-06,1450,Wende,3,100.13,FIGHTING,104.11,VIOLENT CONDUCT,106.10,DIRECT ORDER,4,4,60
2022-04-06,1450,Wende,3,100.13,FIGHTING,104.11,VIOLENT CONDUCT,106.10,DIRECT ORDER,4,4,3
2022-04-06,1300,Woodbourne,3,114.10,SMUGGLING,113.23,CONTRABAND,,,3,2,96
2022-04-07,1620,Attica,3,100.10,ASSAULT ON INMATE,104.11,VIOLENT CONDUCT,106.10,DIRECT ORDER,5,5,60
"Incidents Originally Resulting in a SHU sanction - April 2022 (Dismissals Excluded, Only Guilty Rule Violations Included)",,,,,,,,,,,,
Date,Time,Facility,TIER,Guilty1,,Guilty2,,Guilty3,,TotalInfractions,Total GuiltyInfractions,OriginalSHUDays
2022-04-07,1955,Attica,3,113.10,WEAPON,113.23,CONTRABAND,113.11,ALTERED ITEM,3,3,102
2022-04-07,1745,Attica,3,100.11,ASSAULT ON STAFF,104.11,VIOLENT CONDUCT,115.10,SEARCH/FRISK,6,6,60
2022-04-07,1003,Auburn,3,114.10,SMUGGLING,113.23,CONTRABAND,116.11,TAMPER WITH PROP,3,3,90
2022-04-07,1125,Auburn,3,106.10,DIRECT ORDER,107.10,INTERFERENCE,104.13,CREATE DISTURB,4,4,90
2022-04-07,0930,Auburn,3,113.10,WEAPON,,,,,3,1,120
2022-04-07,1815,Auburn,3,100.11,ASSAULT ON STAFF,104.11,VIOLENT CONDUCT,107.10,INTERFERENCE,4,3,60
2022-04-07,1611,Auburn,3,114.10,SMUGGLING,113.33,DRUG POSSES,,,2,2,150
2022-04-07,0306,Auburn,3,101.22,STALKING,106.10,DIRECT ORDER,101.20,LEWD CONDUCT,5,4,76
2022-04-07,0915,Bare Hill,3,102.10,THREATS,106.10,DIRECT ORDER,107.11,HARASSMENT,4,4,61
2022-04-07,1235,Bedford Hills,3,102.10,THREATS,107.11,HARASSMENT,,,3,2,90
2022-04-07,0915,Cayuga,3,104.11,VIOLENT CONDUCT,106.10,DIRECT ORDER,107.10,INTERFERENCE,4,4,21
2022-04-07,0730,Cayuga,3,104.11,VIOLENT CONDUCT,106.10,DIRECT ORDER,107.10,INTERFERENCE,5,5,90
2022-04-07,0605,Clinton,3,113.10,WEAPON,114.10,SMUGGLING,,,2,2,90
2022-04-07,1200,Clinton,3,114.10,SMUGGLING,113.33,DRUG POSSES,,,2,2,15
2022-04-07,0740,Clinton,3,101.20,LEWD CONDUCT,107.11,HARASSMENT,,,2,2,30
2022-04-07,2120,Collins,3,100.10,ASSAULT ON INMATE,104.11,VIOLENT CONDUCT,,,2,2,120
2022-04-07,1345,Collins,3,104.11,VIOLENT CONDUCT,106.10,DIRECT ORDER,107.10,INTERFERENCE,5,5,45
2022-04-07,2015,Collins,3,100.13,FIGHTING,104.11,VIOLENT CONDUCT,106.10,DIRECT ORDER,3,3,30
2022-04-07,2015,Collins,3,100.13,FIGHTING,104.11,VIOLENT CONDUCT,106.10,DIRECT ORDER,3,3,10
2022-04-07,0100,Elmira,3,100.11,ASSAULT ON STAFF,113.10,WEAPON,118.22,UNHYGIENIC ACT,13,13,730
2022-04-07,2045,Elmira,3,100.11,ASSAULT ON STAFF,104.11,VIOLENT CONDUCT,106.10,DIRECT ORDER,4,4,120
2022-04-07,1357,Five Points,3,102.10,THREATS,106.10,DIRECT ORDER,104.13,CREATE DISTURB,6,6,90
2022-04-07,1010,Great Meadow,3,113.10,WEAPON,113.11,ALTERED ITEM,,,2,2,163
2022-04-07,0815,Great Meadow,3,113.10,WEAPON,100.13,FIGHTING,104.11,VIOLENT CONDUCT,8,8,270
2022-04-07,1845,Great Meadow,3,102.10,THREATS,104.11,VIOLENT CONDUCT,104.13,CREATE DISTURB,3,3,20
2022-04-07,1310,Green Haven,3,113.10,WEAPON,114.10,SMUGGLING,,,3,2,124
2022-04-07,2100,Groveland,3,101.10,SEX OFFENSE,,,,,1,1,30
2022-04-07,0620,Marcy,3,100.11,ASSAULT ON STAFF,104.11,VIOLENT CONDUCT,106.10,DIRECT ORDER,6,6,59
2022-04-07,1205,Mohawk,3,100.10,ASSAULT ON INMATE,100.13,FIGHTING,104.11,VIOLENT CONDUCT,3,3,60
2022-04-07,1205,Mohawk,3,100.10,ASSAULT ON INMATE,100.13,FIGHTING,104.11,VIOLENT CONDUCT,3,3,120
2022-04-07,1055,Riverview,3,100.11,ASSAULT ON STAFF,104.11,VIOLENT CONDUCT,114.10,SMUGGLING,5,4,150
2022-04-07,0939,Ulster,3,114.10,SMUGGLING,113.23,CONTRABAND,103.20,SOLICITING,4,4,60
2022-04-07,1930,Ulster,3,114.10,SMUGGLING,113.23,CONTRABAND,,,2,2,3
2022-04-07,1300,Upstate,3,102.10,THREATS,104.12,DEMONSTRATION,106.10,DIRECT ORDER,5,5,124
2022-04-08,1416,Attica,3,113.10,WEAPON,114.10,SMUGGLING,,,2,2,179
2022-04-08,0940,Attica,3,100.13,FIGHTING,104.11,VIOLENT CONDUCT,106.10,DIRECT ORDER,4,4,90
2022-04-08,2140,Attica,3,100.13,FIGHTING,104.11,VIOLENT CONDUCT,106.10,DIRECT ORDER,4,4,30
2022-04-08,0940,Attica,3,100.13,FIGHTING,104.11,VIOLENT CONDUCT,106.10,DIRECT ORDER,5,4,95
2022-04-08,2130,Attica,3,100.10,ASSAULT ON INMATE,100.11,ASSAULT ON STAFF,100.13,FIGHTING,6,6,59
2022-04-08,0940,Attica,3,100.13,FIGHTING,104.11,VIOLENT CONDUCT,106.10,DIRECT ORDER,5,5,59
2022-04-08,1600,Bare Hill,3,114.10,SMUGGLING,115.10,SEARCH/FRISK,106.10,DIRECT ORDER,4,4,120
2022-04-08,1235,Cayuga,3,102.10,THREATS,104.11,VIOLENT CONDUCT,107.11,HARASSMENT,7,6,45
2022-04-08,2030,Clinton,3,101.10,SEX OFFENSE,101.22,STALKING,107.11,HARASSMENT,3,3,60
"Incidents Originally Resulting in a SHU sanction - April 2022 (Dismissals Excluded, Only Guilty Rule Violations Included)",,,,,,,,,,,,
Date,Time,Facility,TIER,Guilty1,,Guilty2,,Guilty3,,TotalInfractions,Total GuiltyInfractions,OriginalSHUDays
2022-04-08,1800,Clinton,3,100.13,FIGHTING,104.11,VIOLENT CONDUCT,106.10,DIRECT ORDER,5,3,90
2022-04-08,1200,Clinton,3,114.10,SMUGGLING,113.33,DRUG POSSES,,,2,2,90
2022-04-08,1800,Clinton,3,113.10,WEAPON,100.13,FIGHTING,104.11,VIOLENT CONDUCT,7,7,270
2022-04-08,1800,Clinton,3,100.13,FIGHTING,104.11,VIOLENT CONDUCT,106.10,DIRECT ORDER,5,3,90
2022-04-08,1800,Clinton,3,100.13,FIGHTING,104.11,VIOLENT CONDUCT,106.10,DIRECT ORDER,5,3,90
2022-04-08,1800,Clinton,3,100.13,FIGHTING,104.11,VIOLENT CONDUCT,106.10,DIRECT ORDER,5,3,90
2022-04-08,1800,Clinton,3,100.13,FIGHTING,104.11,VIOLENT CONDUCT,106.10,DIRECT ORDER,5,5,90
2022-04-08,1800,Clinton,3,100.13,FIGHTING,104.11,VIOLENT CONDUCT,106.10,DIRECT ORDER,5,5,100
2022-04-08,0830,Coxsackie,3,113.10,WEAPON,,,,,1,1,270
2022-04-08,1440,Eastern,3,100.13,FIGHTING,104.11,VIOLENT CONDUCT,106.10,DIRECT ORDER,4,4,180
2022-04-08,0700,Elmira,3,100.10,ASSAULT ON INMATE,113.10,WEAPON,100.13,FIGHTING,6,5,120
2022-04-08,1200,Fishkill,3,114.10,SMUGGLING,113.33,DRUG POSSES,,,2,2,30
2022-04-08,1415,Five Points,3,113.10,WEAPON,100.13,FIGHTING,104.11,VIOLENT CONDUCT,5,4,180
2022-04-08,1415,Five Points,3,104.11,VIOLENT CONDUCT,,,,,4,1,30
2022-04-08,0840,Gouverneur,3,104.11,VIOLENT CONDUCT,104.13,CREATE DISTURB,116.10,LOSS/DAMAGE PROP,3,3,30
2022-04-08,1748,Great Meadow,3,113.10,WEAPON,114.10,SMUGGLING,106.10,DIRECT ORDER,6,5,200
2022-04-08,2045,Great Meadow,3,113.10,WEAPON,114.10,SMUGGLING,113.23,CONTRABAND,4,4,185
2022-04-08,1155,Greene,3,102.10,THREATS,106.10,DIRECT ORDER,109.12,MOVEMENT VIO,4,3,90
2022-04-08,1156,Greene,3,102.10,THREATS,104.11,VIOLENT CONDUCT,106.10,DIRECT ORDER,4,4,210
2022-04-08,1455,Groveland,3,106.10,DIRECT ORDER,107.10,INTERFERENCE,109.12,MOVEMENT VIO,3,3,47
2022-04-08,1302,Mohawk,3,100.13,FIGHTING,104.11,VIOLENT CONDUCT,106.10,DIRECT ORDER,3,3,60
2022-04-08,0935,Mohawk,3,104.11,VIOLENT CONDUCT,106.10,DIRECT ORDER,107.10,INTERFERENCE,4,4,30
2022-04-08,1626,Orleans,3,100.13,FIGHTING,104.11,VIOLENT CONDUCT,106.10,DIRECT ORDER,4,4,15
2022-04-08,1100,Orleans,3,114.10,SMUGGLING,113.23,CONTRABAND,,,3,2,45
2022-04-08,1645,Orleans,3,100.13,FIGHTING,104.11,VIOLENT CONDUCT,,,2,2,11
2022-04-08,1626,Orleans,3,100.13,FIGHTING,104.11,VIOLENT CONDUCT,106.10,DIRECT ORDER,4,4,15
2022-04-08,0715,Orleans,3,102.10,THREATS,106.10,DIRECT ORDER,107.10,INTERFERENCE,5,5,90
2022-04-08,0742,Shawangunk,3,100.11,ASSAULT ON STAFF,102.10,THREATS,104.11,VIOLENT CONDUCT,5,5,160
2022-04-08,1220,Shawangunk,3,113.10,WEAPON,100.13,FIGHTING,,,4,2,120
2022-04-08,1235,Sullivan,3,100.11,ASSAULT ON STAFF,104.11,VIOLENT CONDUCT,106.10,DIRECT ORDER,3,3,365
2022-04-08,1530,Sullivan,3,118.22,UNHYGIENIC ACT,102.10,THREATS,104.11,VIOLENT CONDUCT,8,7,120
2022-04-08,1700,Wende,3,102.10,THREATS,104.11,VIOLENT CONDUCT,105.13,GANGS,8,7,86
2022-04-08,1116,Wyoming,3,113.33,DRUG POSSES,113.23,CONTRABAND,,,2,2,60
2022-04-08,0744,Wyoming,3,114.10,SMUGGLING,113.34,DRUG USE,113.23,CONTRABAND,5,4,90
2022-04-09,1632,Attica,3,100.13,FIGHTING,104.11,VIOLENT CONDUCT,106.10,DIRECT ORDER,4,4,64
2022-04-09,1632,Attica,3,100.13,FIGHTING,104.11,VIOLENT CONDUCT,106.10,DIRECT ORDER,4,4,29
2022-04-09,1145,Auburn,3,104.11,VIOLENT CONDUCT,115.10,SEARCH/FRISK,106.10,DIRECT ORDER,6,6,102
2022-04-09,1540,Auburn,3,113.10,WEAPON,114.10,SMUGGLING,113.11,ALTERED ITEM,3,3,365
2022-04-09,0800,Auburn,3,113.10,WEAPON,100.13,FIGHTING,104.11,VIOLENT CONDUCT,6,6,365
2022-04-09,0910,Clinton,3,100.13,FIGHTING,106.10,DIRECT ORDER,,,3,2,60
2022-04-09,0910,Clinton,3,100.13,FIGHTING,106.10,DIRECT ORDER,104.13,CREATE DISTURB,3,3,90
2022-04-09,0910,Clinton,3,100.10,ASSAULT ON INMATE,100.13,FIGHTING,106.10,DIRECT ORDER,5,3,124
2022-04-09,1930,Collins,3,102.10,THREATS,180.10,FACIL VISITING,104.13,CREATE DISTURB,4,3,15
"Incidents Originally Resulting in a SHU sanction - April 2022 (Dismissals Excluded, Only Guilty Rule Violations Included)",,,,,,,,,,,,
Date,Time,Facility,TIER,Guilty1,,Guilty2,,Guilty3,,TotalInfractions,Total GuiltyInfractions,OriginalSHUDays
2022-04-09,0845,Elmira,3,100.13,FIGHTING,104.11,VIOLENT CONDUCT,104.13,CREATE DISTURB,3,3,60
2022-04-09,1924,Elmira,3,100.13,FIGHTING,104.11,VIOLENT CONDUCT,106.10,DIRECT ORDER,4,4,60
2022-04-09,1625,Five Points,3,100.13,FIGHTING,104.11,VIOLENT CONDUCT,106.10,DIRECT ORDER,4,4,90
2022-04-09,0810,Great Meadow,3,100.11,ASSAULT ON STAFF,102.10,THREATS,104.11,VIOLENT CONDUCT,6,6,365
2022-04-09,1400,Great Meadow,3,102.10,THREATS,,,,,2,1,34
2022-04-09,1510,Great Meadow,3,100.10,ASSAULT ON INMATE,100.13,FIGHTING,104.11,VIOLENT CONDUCT,5,3,180
2022-04-09,1112,Great Meadow,3,100.11,ASSAULT ON STAFF,118.22,UNHYGIENIC ACT,107.10,INTERFERENCE,4,4,365
2022-04-09,1430,Great Meadow,3,100.10,ASSAULT ON INMATE,100.13,FIGHTING,104.11,VIOLENT CONDUCT,4,4,200
2022-04-09,1145,Greene,3,106.10,DIRECT ORDER,107.10,INTERFERENCE,109.12,MOVEMENT VIO,3,3,60
2022-04-09,1320,Groveland,3,100.10,ASSAULT ON INMATE,104.11,VIOLENT CONDUCT,104.13,CREATE DISTURB,4,4,50
2022-04-09,1320,Groveland,3,100.10,ASSAULT ON INMATE,113.10,WEAPON,104.11,VIOLENT CONDUCT,6,6,119
2022-04-09,1915,Marcy,3,100.11,ASSAULT ON STAFF,118.22,UNHYGIENIC ACT,104.11,VIOLENT CONDUCT,7,7,120
2022-04-09,0730,Orleans,3,114.10,SMUGGLING,113.23,CONTRABAND,,,2,2,15
2022-04-09,0901,Riverview,3,100.11,ASSAULT ON STAFF,104.11,VIOLENT CONDUCT,115.10,SEARCH/FRISK,7,5,120
2022-04-09,0905,Sing Sing,3,113.10,WEAPON,113.23,CONTRABAND,,,3,2,210
2022-04-09,0905,Sing Sing,3,114.10,SMUGGLING,113.23,CONTRABAND,,,2,2,60
2022-04-09,1646,Upstate,3,106.10,DIRECT ORDER,107.10,INTERFERENCE,112.22,OBSTRUCT VISIB,3,3,60
2022-04-09,1130,Upstate,3,100.13,FIGHTING,104.11,VIOLENT CONDUCT,106.10,DIRECT ORDER,5,5,90
2022-04-09,1130,Upstate,3,100.13,FIGHTING,104.11,VIOLENT CONDUCT,106.10,DIRECT ORDER,5,5,90
2022-04-09,1815,Upstate,3,106.10,DIRECT ORDER,116.13,VANDAL/STEALING,107.10,INTERFERENCE,3,3,30
2022-04-09,1845,Wende,3,102.10,THREATS,104.11,VIOLENT CONDUCT,104.13,CREATE DISTURB,4,3,45
2022-04-09,0550,Wyoming,3,100.10,ASSAULT ON INMATE,113.10,WEAPON,100.13,FIGHTING,7,6,270
2022-04-09,1030,Wyoming,3,100.13,FIGHTING,,,,,3,1,15
2022-04-09,1030,Wyoming,3,100.13,FIGHTING,104.11,VIOLENT CONDUCT,,,3,2,119
2022-04-09,1025,Wyoming,3,100.10,ASSAULT ON INMATE,100.13,FIGHTING,104.11,VIOLENT CONDUCT,5,5,179
2022-04-09,0550,Wyoming,3,100.13,FIGHTING,104.11,VIOLENT CONDUCT,106.10,DIRECT ORDER,4,4,29
2022-04-09,1500,Wyoming,3,105.13,GANGS,,,,,1,1,30
2022-04-10,0745,Clinton,3,113.10,WEAPON,113.23,CONTRABAND,,,2,2,180
2022-04-10,1525,Clinton,3,104.11,VIOLENT CONDUCT,115.10,SEARCH/FRISK,106.10,DIRECT ORDER,8,7,15
2022-04-10,1920,Five Points,3,100.13,FIGHTING,104.11,VIOLENT CONDUCT,106.10,DIRECT ORDER,5,5,120
2022-04-10,1920,Five Points,3,100.13,FIGHTING,104.11,VIOLENT CONDUCT,106.10,DIRECT ORDER,5,5,120
2022-04-10,1427,Great Meadow,3,113.10,WEAPON,100.13,FIGHTING,114.10,SMUGGLING,7,5,210
2022-04-10,1427,Great Meadow,3,100.10,ASSAULT ON INMATE,100.13,FIGHTING,104.11,VIOLENT CONDUCT,5,5,120
2022-04-10,1330,Great Meadow,3,113.10,WEAPON,114.10,SMUGGLING,113.23,CONTRABAND,3,3,210
2022-04-10,1445,Great Meadow,3,113.10,WEAPON,104.13,CREATE DISTURB,,,6,2,150
2022-04-10,0900,Mohawk,3,113.10,WEAPON,104.11,VIOLENT CONDUCT,106.10,DIRECT ORDER,3,3,270
2022-04-10,1745,Shawangunk,3,113.10,WEAPON,,,,,1,1,180
2022-04-10,0823,Sullivan,3,100.11,ASSAULT ON STAFF,113.10,WEAPON,102.10,THREATS,5,5,180
2022-04-10,1822,Washington,3,100.10,ASSAULT ON INMATE,113.10,WEAPON,100.13,FIGHTING,7,5,123
2022-04-10,1822,Washington,3,100.10,ASSAULT ON INMATE,100.13,FIGHTING,104.11,VIOLENT CONDUCT,6,3,60
2022-04-10,2225,Woodbourne,3,100.10,ASSAULT ON INMATE,100.13,FIGHTING,104.11,VIOLENT CONDUCT,5,5,90
2022-04-10,2225,Woodbourne,3,100.10,ASSAULT ON INMATE,100.13,FIGHTING,104.11,VIOLENT CONDUCT,5,5,99
2022-04-10,2305,Wyoming,3,113.10,WEAPON,113.23,CONTRABAND,,,3,2,60
"Incidents Originally Resulting in a SHU sanction - April 2022 (Dismissals Excluded, Only Guilty Rule Violations Included)",,,,,,,,,,,,
Date,Time,Facility,TIER,Guilty1,,Guilty2,,Guilty3,,TotalInfractions,Total GuiltyInfractions,OriginalSHUDays
2022-04-10,0845,Wyoming,3,102.10,THREATS,106.10,DIRECT ORDER,107.10,INTERFERENCE,4,4,119
2022-04-11,0830,Auburn,3,100.13,FIGHTING,104.11,VIOLENT CONDUCT,106.10,DIRECT ORDER,4,4,90
2022-04-11,0945,Cape Vincent,3,102.10,THREATS,104.11,VIOLENT CONDUCT,106.10,DIRECT ORDER,5,5,60
2022-04-11,1530,Coxsackie,3,101.22,STALKING,102.10,THREATS,,,6,2,45
2022-04-11,1330,Coxsackie,3,101.20,LEWD CONDUCT,104.13,CREATE DISTURB,,,2,2,45
2022-04-11,1745,Coxsackie,3,113.10,WEAPON,113.11,ALTERED ITEM,,,3,2,120
2022-04-11,1930,Elmira,3,100.13,FIGHTING,104.11,VIOLENT CONDUCT,106.10,DIRECT ORDER,5,5,120
2022-04-11,1052,Gouverneur,3,100.13,FIGHTING,104.11,VIOLENT CONDUCT,106.10,DIRECT ORDER,3,3,90
2022-04-11,1052,Gouverneur,3,100.13,FIGHTING,104.11,VIOLENT CONDUCT,106.10,DIRECT ORDER,3,3,100
2022-04-11,0955,Gouverneur,3,113.10,WEAPON,,,,,1,1,90
2022-04-11,1825,Gouverneur,3,100.13,FIGHTING,104.11,VIOLENT CONDUCT,106.10,DIRECT ORDER,3,3,20
2022-04-11,1825,Gouverneur,3,100.13,FIGHTING,104.11,VIOLENT CONDUCT,106.10,DIRECT ORDER,3,3,45
2022-04-11,1315,Great Meadow,3,106.10,DIRECT ORDER,101.20,LEWD CONDUCT,,,2,2,120
2022-04-11,1205,Great Meadow,3,100.13,FIGHTING,104.11,VIOLENT CONDUCT,106.10,DIRECT ORDER,3,3,60
2022-04-11,1205,Great Meadow,3,100.13,FIGHTING,104.11,VIOLENT CONDUCT,106.10,DIRECT ORDER,3,3,30
2022-04-11,0955,Great Meadow,3,100.11,ASSAULT ON STAFF,118.22,UNHYGIENIC ACT,106.10,DIRECT ORDER,5,5,90
2022-04-11,0930,Great Meadow,3,101.20,LEWD CONDUCT,107.10,INTERFERENCE,104.13,CREATE DISTURB,3,3,45
2022-04-11,1945,Great Meadow,3,118.22,UNHYGIENIC ACT,107.10,INTERFERENCE,104.13,CREATE DISTURB,5,3,60
2022-04-11,1805,Greene,3,113.10,WEAPON,113.23,CONTRABAND,113.11,ALTERED ITEM,3,3,80
2022-04-11,2158,Greene,3,100.10,ASSAULT ON INMATE,113.10,WEAPON,100.13,FIGHTING,6,6,100
2022-04-11,0230,Groveland,3,102.10,THREATS,107.11,HARASSMENT,109.12,MOVEMENT VIO,5,5,60
2022-04-11,0800,Lakeview,3,118.22,UNHYGIENIC ACT,114.10,SMUGGLING,115.10,SEARCH/FRISK,5,5,90
2022-04-11,2015,Marcy,3,104.11,VIOLENT CONDUCT,115.10,SEARCH/FRISK,106.10,DIRECT ORDER,6,6,30
2022-04-11,2015,Mid-State,3,113.10,WEAPON,114.10,SMUGGLING,113.23,CONTRABAND,4,3,75
2022-04-11,1420,Mid-State,3,113.10,WEAPON,113.11,ALTERED ITEM,,,2,2,90
2022-04-11,1915,Mid-State,3,100.10,ASSAULT ON INMATE,100.13,FIGHTING,104.11,VIOLENT CONDUCT,6,5,119
2022-04-11,1915,Mid-State,3,100.13,FIGHTING,104.11,VIOLENT CONDUCT,106.10,DIRECT ORDER,4,4,10
2022-04-11,2010,Mohawk,3,100.13,FIGHTING,104.11,VIOLENT CONDUCT,106.10,DIRECT ORDER,4,4,45
2022-04-11,2010,Mohawk,3,100.13,FIGHTING,104.11,VIOLENT CONDUCT,106.10,DIRECT ORDER,4,4,30
2022-04-11,1655,Upstate,3,100.11,ASSAULT ON STAFF,104.11,VIOLENT CONDUCT,104.13,CREATE DISTURB,4,3,60
2022-04-11,1055,Woodbourne,3,100.11,ASSAULT ON STAFF,102.10,THREATS,107.10,INTERFERENCE,4,3,120
2022-04-11,1135,Woodbourne,3,100.11,ASSAULT ON STAFF,104.11,VIOLENT CONDUCT,107.10,INTERFERENCE,4,3,180
2022-04-12,1425,Albion,3,102.10,THREATS,106.10,DIRECT ORDER,104.13,CREATE DISTURB,5,4,14
2022-04-12,1025,Auburn,3,104.11,VIOLENT CONDUCT,115.10,SEARCH/FRISK,106.10,DIRECT ORDER,6,5,90
2022-04-12,0900,Auburn,3,113.23,CONTRABAND,,,,,2,1,1
2022-04-12,2136,Bare Hill,3,100.13,FIGHTING,104.11,VIOLENT CONDUCT,,,5,2,90
2022-04-12,0915,Cape Vincent,3,113.10,WEAPON,113.23,CONTRABAND,113.11,ALTERED ITEM,3,3,180
2022-04-12,0825,Cape Vincent,3,113.10,WEAPON,113.23,CONTRABAND,113.11,ALTERED ITEM,4,3,90
2022-04-12,1045,Clinton,3,100.13,FIGHTING,104.11,VIOLENT CONDUCT,,,2,2,45
2022-04-12,1730,Clinton,3,102.10,THREATS,107.10,INTERFERENCE,107.11,HARASSMENT,3,3,45
2022-04-12,1810,Clinton,3,100.13,FIGHTING,104.11,VIOLENT CONDUCT,106.10,DIRECT ORDER,4,4,60
2022-04-12,0910,Collins,3,106.10,DIRECT ORDER,107.10,INTERFERENCE,109.12,MOVEMENT VIO,3,3,60
2022-04-12,0910,Collins,3,106.10,DIRECT ORDER,107.10,INTERFERENCE,109.12,MOVEMENT VIO,3,3,15
"Incidents Originally Resulting in a SHU sanction - April 2022 (Dismissals Excluded, Only Guilty Rule Violations Included)",,,,,,,,,,,,
Date,Time,Facility,TIER,Guilty1,,Guilty2,,Guilty3,,TotalInfractions,Total GuiltyInfractions,OriginalSHUDays
2022-04-12,1530,Coxsackie,3,104.12,DEMONSTRATION,106.10,DIRECT ORDER,109.12,MOVEMENT VIO,4,3,45
2022-04-12,1530,Coxsackie,3,104.12,DEMONSTRATION,106.10,DIRECT ORDER,109.12,MOVEMENT VIO,4,3,45
2022-04-12,1530,Coxsackie,3,104.12,DEMONSTRATION,106.10,DIRECT ORDER,105.10,UNAUTH ASSMEBLY,4,4,45
2022-04-12,1530,Coxsackie,3,104.12,DEMONSTRATION,106.10,DIRECT ORDER,109.12,MOVEMENT VIO,4,3,90
2022-04-12,1530,Coxsackie,3,104.12,DEMONSTRATION,106.10,DIRECT ORDER,105.10,UNAUTH ASSMEBLY,4,4,45
2022-04-12,1450,Coxsackie,3,104.12,DEMONSTRATION,114.10,SMUGGLING,106.10,DIRECT ORDER,8,7,45
2022-04-12,1530,Coxsackie,3,104.12,DEMONSTRATION,106.10,DIRECT ORDER,109.12,MOVEMENT VIO,4,3,45
2022-04-12,1530,Coxsackie,3,104.12,DEMONSTRATION,106.10,DIRECT ORDER,109.12,MOVEMENT VIO,4,3,45
2022-04-12,1530,Coxsackie,3,104.12,DEMONSTRATION,106.10,DIRECT ORDER,105.10,UNAUTH ASSMEBLY,4,4,45
2022-04-12,1530,Coxsackie,3,104.12,DEMONSTRATION,106.10,DIRECT ORDER,,,4,2,90
2022-04-12,1530,Coxsackie,3,104.12,DEMONSTRATION,106.10,DIRECT ORDER,105.10,UNAUTH ASSMEBLY,4,4,45
2022-04-12,1530,Coxsackie,3,104.12,DEMONSTRATION,106.10,DIRECT ORDER,105.10,UNAUTH ASSMEBLY,4,4,45
2022-04-12,1530,Coxsackie,3,104.12,DEMONSTRATION,106.10,DIRECT ORDER,105.10,UNAUTH ASSMEBLY,4,4,60
2022-04-12,1530,Coxsackie,3,104.12,DEMONSTRATION,106.10,DIRECT ORDER,109.12,MOVEMENT VIO,4,3,45
2022-04-12,1110,Elmira,3,113.10,WEAPON,,,,,1,1,180
2022-04-12,1140,Five Points,3,100.11,ASSAULT ON STAFF,104.11,VIOLENT CONDUCT,,,2,2,30
2022-04-12,1130,Five Points,3,102.10,THREATS,102.10,THREATS,104.11,VIOLENT CONDUCT,15,14,120
2022-04-12,1415,Franklin,3,100.13,FIGHTING,104.11,VIOLENT CONDUCT,106.10,DIRECT ORDER,4,4,120
2022-04-12,1540,Franklin,3,100.13,FIGHTING,104.11,VIOLENT CONDUCT,,,2,2,90
2022-04-12,1335,Great Meadow,3,104.11,VIOLENT CONDUCT,106.10,DIRECT ORDER,104.13,CREATE DISTURB,3,3,120
2022-04-12,0750,Great Meadow,3,100.10,ASSAULT ON INMATE,113.10,WEAPON,104.11,VIOLENT CONDUCT,3,3,150
2022-04-12,2055,Great Meadow,3,100.13,FIGHTING,104.11,VIOLENT CONDUCT,106.10,DIRECT ORDER,5,5,2
2022-04-12,2055,Great Meadow,3,100.13,FIGHTING,104.11,VIOLENT CONDUCT,,,3,2,45
2022-04-12,2055,Great Meadow,3,100.10,ASSAULT ON INMATE,104.11,VIOLENT CONDUCT,104.13,CREATE DISTURB,3,3,120
2022-04-12,0630,Greene,3,118.22,UNHYGIENIC ACT,104.11,VIOLENT CONDUCT,115.10,SEARCH/FRISK,6,6,90
2022-04-12,0630,Greene,3,102.10,THREATS,104.11,VIOLENT CONDUCT,104.12,DEMONSTRATION,6,6,180
2022-04-12,0630,Greene,3,102.10,THREATS,104.11,VIOLENT CONDUCT,104.12,DEMONSTRATION,6,6,180
2022-04-12,0630,Greene,3,118.22,UNHYGIENIC ACT,118.22,UNHYGIENIC ACT,102.10,THREATS,18,16,365
2022-04-12,1100,Greene,3,102.10,THREATS,106.10,DIRECT ORDER,107.10,INTERFERENCE,5,5,15
2022-04-12,0630,Greene,3,102.10,THREATS,104.11,VIOLENT CONDUCT,104.12,DEMONSTRATION,6,6,180
2022-04-12,0630,Greene,3,104.11,VIOLENT CONDUCT,115.10,SEARCH/FRISK,106.10,DIRECT ORDER,4,4,60
2022-04-12,1100,Greene,3,102.10,THREATS,106.10,DIRECT ORDER,107.10,INTERFERENCE,5,4,15
2022-04-12,2020,Greene,3,106.10,DIRECT ORDER,107.10,INTERFERENCE,109.12,MOVEMENT VIO,3,3,20
2022-04-12,0630,Greene,3,102.10,THREATS,104.11,VIOLENT CONDUCT,104.12,DEMONSTRATION,6,6,140
2022-04-12,0630,Greene,3,102.10,THREATS,104.11,VIOLENT CONDUCT,104.12,DEMONSTRATION,6,6,180
2022-04-12,0630,Greene,3,102.10,THREATS,104.11,VIOLENT CONDUCT,104.12,DEMONSTRATION,6,6,140
2022-04-12,1800,Mid-State,3,106.10,DIRECT ORDER,107.10,INTERFERENCE,109.12,MOVEMENT VIO,3,3,15
2022-04-12,1300,Mid-State,3,106.10,DIRECT ORDER,107.10,INTERFERENCE,109.12,MOVEMENT VIO,3,3,60
2022-04-12,1330,Sullivan,3,102.10,THREATS,104.11,VIOLENT CONDUCT,,,2,2,60
2022-04-12,1830,Ulster,3,104.11,VIOLENT CONDUCT,106.10,DIRECT ORDER,111.10,IMPERSONATION,5,4,30
2022-04-12,0830,Washington,3,106.10,DIRECT ORDER,107.11,HARASSMENT,,,7,2,3
2022-04-12,0805,Wyoming,3,100.13,FIGHTING,104.11,VIOLENT CONDUCT,104.13,CREATE DISTURB,3,3,90
2022-04-12,0805,Wyoming,3,100.13,FIGHTING,104.11,VIOLENT CONDUCT,104.13,CREATE DISTURB,3,3,30
"Incidents Originally Resulting in a SHU sanction - April 2022 (Dismissals Excluded, Only Guilty Rule Violations Included)",,,,,,,,,,,,
Date,Time,Facility,TIER,Guilty1,,Guilty2,,Guilty3,,TotalInfractions,Total GuiltyInfractions,OriginalSHUDays
2022-04-13,1420,Attica,3,106.10,DIRECT ORDER,107.10,INTERFERENCE,109.12,MOVEMENT VIO,3,3,75
2022-04-13,1729,Auburn,3,113.10,WEAPON,114.10,SMUGGLING,,,2,2,122
2022-04-13,2114,Auburn,3,118.22,UNHYGIENIC ACT,106.10,DIRECT ORDER,,,2,2,180
2022-04-13,1635,Auburn,3,100.13,FIGHTING,104.11,VIOLENT CONDUCT,104.13,CREATE DISTURB,4,3,47
2022-04-13,1500,Bare Hill,3,105.13,GANGS,,,,,1,1,60
2022-04-13,0945,Cape Vincent,3,113.10,WEAPON,113.23,CONTRABAND,113.11,ALTERED ITEM,3,3,270
2022-04-13,1320,Cayuga,3,102.10,THREATS,107.10,INTERFERENCE,,,4,2,14
2022-04-13,1520,Clinton,3,105.13,GANGS,106.10,DIRECT ORDER,180.11,FACIL CORRESPOND,5,4,60
2022-04-13,1755,Clinton,3,104.11,VIOLENT CONDUCT,106.10,DIRECT ORDER,106.10,DIRECT ORDER,6,4,25
2022-04-13,0845,Collins,3,113.10,WEAPON,,,,,1,1,90
2022-04-13,1644,Eastern,3,100.13,FIGHTING,104.11,VIOLENT CONDUCT,106.10,DIRECT ORDER,3,3,120
2022-04-13,1644,Eastern,3,100.13,FIGHTING,104.11,VIOLENT CONDUCT,106.10,DIRECT ORDER,3,3,90
2022-04-13,0922,Elmira,3,100.13,FIGHTING,104.13,CREATE DISTURB,,,3,2,90
2022-04-13,0854,Fishkill,3,100.13,FIGHTING,104.11,VIOLENT CONDUCT,106.10,DIRECT ORDER,5,4,30
2022-04-13,0854,Fishkill,3,100.13,FIGHTING,104.11,VIOLENT CONDUCT,106.10,DIRECT ORDER,6,5,120
2022-04-13,1010,Five Points,3,100.13,FIGHTING,104.11,VIOLENT CONDUCT,106.10,DIRECT ORDER,4,4,90
2022-04-13,1355,Franklin,3,100.13,FIGHTING,104.11,VIOLENT CONDUCT,106.10,DIRECT ORDER,3,3,75
2022-04-13,1355,Franklin,3,100.13,FIGHTING,104.11,VIOLENT CONDUCT,106.10,DIRECT ORDER,3,3,25
2022-04-13,1745,Gouverneur,3,102.10,THREATS,104.11,VIOLENT CONDUCT,106.10,DIRECT ORDER,3,3,60
2022-04-13,1730,Great Meadow,3,100.11,ASSAULT ON STAFF,104.11,VIOLENT CONDUCT,104.11,VIOLENT CONDUCT,7,6,60
2022-04-13,1221,Greene,3,118.10,ARSON,104.11,VIOLENT CONDUCT,106.10,DIRECT ORDER,6,6,90
2022-04-13,1230,Greene,3,113.10,WEAPON,114.10,SMUGGLING,113.23,CONTRABAND,4,4,90
2022-04-13,0950,Groveland,3,106.10,DIRECT ORDER,107.10,INTERFERENCE,104.13,CREATE DISTURB,4,3,15
2022-04-13,0915,Mid-State,3,104.11,VIOLENT CONDUCT,115.10,SEARCH/FRISK,106.10,DIRECT ORDER,4,4,60
2022-04-13,1110,Mid-State,3,113.10,WEAPON,113.11,ALTERED ITEM,,,2,2,93
2022-04-13,0842,Orleans,3,100.13,FIGHTING,104.11,VIOLENT CONDUCT,106.10,DIRECT ORDER,5,5,180
2022-04-13,0842,Orleans,3,100.13,FIGHTING,104.11,VIOLENT CONDUCT,106.10,DIRECT ORDER,5,5,15
2022-04-13,1205,Sing Sing,3,104.11,VIOLENT CONDUCT,107.10,INTERFERENCE,104.13,CREATE DISTURB,5,3,44
2022-04-13,1105,Sullivan,3,102.10,THREATS,104.11,VIOLENT CONDUCT,115.10,SEARCH/FRISK,6,6,60
2022-04-13,1240,Ulster,3,102.10,THREATS,104.11,VIOLENT CONDUCT,106.10,DIRECT ORDER,4,4,30
2022-04-13,1630,Upstate,3,104.11,VIOLENT CONDUCT,106.10,DIRECT ORDER,107.10,INTERFERENCE,4,3,30
2022-04-13,1330,Upstate,3,114.10,SMUGGLING,107.10,INTERFERENCE,113.23,CONTRABAND,4,4,60
2022-04-13,1240,Wende,3,100.13,FIGHTING,104.11,VIOLENT CONDUCT,105.13,GANGS,5,5,13
2022-04-13,1240,Wende,3,100.13,FIGHTING,104.11,VIOLENT CONDUCT,106.10,DIRECT ORDER,3,3,2
2022-04-13,1235,Wende,3,118.22,UNHYGIENIC ACT,102.10,THREATS,104.11,VIOLENT CONDUCT,6,6,90
2022-04-13,1215,Wyoming,3,113.10,WEAPON,113.23,CONTRABAND,113.11,ALTERED ITEM,3,3,104
2022-04-13,1720,Wyoming,3,102.10,THREATS,115.10,SEARCH/FRISK,106.10,DIRECT ORDER,6,6,44
2022-04-14,1415,Adirondack,3,100.11,ASSAULT ON STAFF,115.10,SEARCH/FRISK,106.10,DIRECT ORDER,5,5,120
2022-04-14,1230,Attica,3,115.10,SEARCH/FRISK,106.10,DIRECT ORDER,107.10,INTERFERENCE,4,3,50
2022-04-14,1042,Attica,3,113.10,WEAPON,,,,,1,1,270
2022-04-14,2030,Auburn,3,104.11,VIOLENT CONDUCT,115.10,SEARCH/FRISK,106.10,DIRECT ORDER,4,3,90
2022-04-14,0925,Auburn,3,113.10,WEAPON,114.10,SMUGGLING,113.23,CONTRABAND,4,3,60
2022-04-14,1950,Bare Hill,3,104.12,DEMONSTRATION,107.10,INTERFERENCE,104.13,CREATE DISTURB,4,3,90
"Incidents Originally Resulting in a SHU sanction - April 2022 (Dismissals Excluded, Only Guilty Rule Violations Included)",,,,,,,,,,,,
Date,Time,Facility,TIER,Guilty1,,Guilty2,,Guilty3,,TotalInfractions,Total GuiltyInfractions,OriginalSHUDays
2022-04-14,1805,Cape Vincent,3,113.10,WEAPON,114.10,SMUGGLING,106.10,DIRECT ORDER,5,5,180
2022-04-14,2035,Cayuga,3,102.10,THREATS,106.10,DIRECT ORDER,106.10,DIRECT ORDER,6,6,90
2022-04-14,2037,Cayuga,3,106.10,DIRECT ORDER,109.15,REFUSE DBL CELLING,107.10,INTERFERENCE,4,4,30
2022-04-14,1645,Clinton,3,100.10,ASSAULT ON INMATE,100.13,FIGHTING,104.11,VIOLENT CONDUCT,5,4,220
2022-04-14,1645,Clinton,3,104.11,VIOLENT CONDUCT,106.10,DIRECT ORDER,,,4,2,2
2022-04-14,1645,Clinton,3,100.13,FIGHTING,104.11,VIOLENT CONDUCT,106.10,DIRECT ORDER,5,3,45
2022-04-14,2010,Clinton,3,104.11,VIOLENT CONDUCT,104.12,DEMONSTRATION,106.10,DIRECT ORDER,9,7,150
2022-04-14,0700,Collins,3,102.10,THREATS,107.11,HARASSMENT,,,2,2,120
2022-04-14,0035,Collins,3,100.13,FIGHTING,104.11,VIOLENT CONDUCT,,,2,2,45
2022-04-14,1200,Edgecombe,3,106.10,DIRECT ORDER,104.13,CREATE DISTURB,,,4,2,30
2022-04-14,1335,Elmira,3,100.11,ASSAULT ON STAFF,104.11,VIOLENT CONDUCT,107.10,INTERFERENCE,4,3,270
2022-04-14,0900,Elmira,3,113.10,WEAPON,114.10,SMUGGLING,,,2,2,135
2022-04-14,1029,Fishkill,3,114.10,SMUGGLING,113.33,DRUG POSSES,113.34,DRUG USE,3,3,30
2022-04-14,1700,Great Meadow,3,100.11,ASSAULT ON STAFF,100.11,ASSAULT ON STAFF,118.22,UNHYGIENIC ACT,8,6,214
2022-04-14,1330,Great Meadow,3,113.10,WEAPON,100.13,FIGHTING,104.11,VIOLENT CONDUCT,5,5,365
2022-04-14,1120,Green Haven,3,106.10,DIRECT ORDER,101.20,LEWD CONDUCT,,,3,2,60
2022-04-14,1420,Green Haven,3,113.10,WEAPON,114.10,SMUGGLING,,,5,2,94
2022-04-14,1720,Greene,3,106.10,DIRECT ORDER,107.10,INTERFERENCE,109.12,MOVEMENT VIO,3,3,45
2022-04-14,1630,Greene,3,106.10,DIRECT ORDER,107.10,INTERFERENCE,109.12,MOVEMENT VIO,3,3,30
2022-04-14,1455,Lakeview,3,102.10,THREATS,115.10,SEARCH/FRISK,106.10,DIRECT ORDER,6,5,14
2022-04-14,0825,Marcy,3,104.11,VIOLENT CONDUCT,104.13,CREATE DISTURB,100.15,DISORDERLY COND,3,3,90
2022-04-14,1056,Mid-State,3,100.13,FIGHTING,104.11,VIOLENT CONDUCT,106.10,DIRECT ORDER,5,3,29
2022-04-14,2005,Mid-State,3,104.11,VIOLENT CONDUCT,106.10,DIRECT ORDER,104.13,CREATE DISTURB,3,3,90
2022-04-14,1830,Mohawk,3,100.13,FIGHTING,104.11,VIOLENT CONDUCT,104.13,CREATE DISTURB,3,3,30
2022-04-14,0900,Orleans,3,114.10,SMUGGLING,113.23,CONTRABAND,,,2,2,35
2022-04-14,0905,Orleans,3,102.10,THREATS,104.11,VIOLENT CONDUCT,104.11,VIOLENT CONDUCT,10,10,365
2022-04-14,0845,Orleans,3,114.10,SMUGGLING,113.23,CONTRABAND,,,2,2,20
2022-04-14,1325,Orleans,3,100.11,ASSAULT ON STAFF,104.11,VIOLENT CONDUCT,115.10,SEARCH/FRISK,6,6,540
2022-04-14,1133,Riverview,3,100.13,FIGHTING,104.11,VIOLENT CONDUCT,106.10,DIRECT ORDER,4,4,90
2022-04-14,1716,Riverview,3,100.11,ASSAULT ON STAFF,118.22,UNHYGIENIC ACT,104.11,VIOLENT CONDUCT,5,5,180
2022-04-14,1220,Riverview,3,100.11,ASSAULT ON STAFF,100.13,FIGHTING,104.11,VIOLENT CONDUCT,8,8,365
2022-04-14,0845,Sullivan,3,102.10,THREATS,104.11,VIOLENT CONDUCT,107.11,HARASSMENT,3,3,60
2022-04-14,1115,Sullivan,3,118.22,UNHYGIENIC ACT,102.10,THREATS,106.10,DIRECT ORDER,4,4,180
2022-04-14,1430,Ulster,3,113.10,WEAPON,114.10,SMUGGLING,,,2,2,60
2022-04-14,0940,Upstate,3,104.11,VIOLENT CONDUCT,106.10,DIRECT ORDER,112.22,OBSTRUCT VISIB,3,3,60
2022-04-14,1250,Upstate,3,113.10,WEAPON,100.13,FIGHTING,104.11,VIOLENT CONDUCT,5,5,150
2022-04-14,0903,Upstate,3,102.10,THREATS,106.10,DIRECT ORDER,,,2,2,30
2022-04-14,1250,Upstate,3,100.13,FIGHTING,,,,,2,1,15
2022-04-14,1250,Upstate,3,100.13,FIGHTING,104.11,VIOLENT CONDUCT,,,2,2,30
2022-04-14,2020,Washington,3,113.10,WEAPON,113.23,CONTRABAND,113.11,ALTERED ITEM,3,3,60
2022-04-14,0800,Wende,3,100.13,FIGHTING,104.11,VIOLENT CONDUCT,106.10,DIRECT ORDER,4,4,2
2022-04-14,0800,Wende,3,100.13,FIGHTING,104.11,VIOLENT CONDUCT,,,4,2,2
2022-04-15,1554,Attica,3,113.10,WEAPON,,,,,1,1,90
"Incidents Originally Resulting in a SHU sanction - April 2022 (Dismissals Excluded, Only Guilty Rule Violations Included)",,,,,,,,,,,,
Date,Time,Facility,TIER,Guilty1,,Guilty2,,Guilty3,,TotalInfractions,Total GuiltyInfractions,OriginalSHUDays
2022-04-15,1835,Auburn,3,114.10,SMUGGLING,113.23,CONTRABAND,,,2,2,90
2022-04-15,0805,Bedford Hills,3,100.13,FIGHTING,104.11,VIOLENT CONDUCT,104.13,CREATE DISTURB,5,3,70
2022-04-15,2045,Bedford Hills,3,102.10,THREATS,106.10,DIRECT ORDER,104.13,CREATE DISTURB,4,4,180
2022-04-15,1540,Clinton,3,100.13,FIGHTING,104.11,VIOLENT CONDUCT,104.13,CREATE DISTURB,3,3,34
2022-04-15,2055,Clinton,3,100.13,FIGHTING,104.11,VIOLENT CONDUCT,106.10,DIRECT ORDER,4,4,90
2022-04-15,1540,Clinton,3,100.13,FIGHTING,104.11,VIOLENT CONDUCT,104.13,CREATE DISTURB,3,3,90
2022-04-15,1030,Clinton,3,118.22,UNHYGIENIC ACT,,,,,4,1,90
2022-04-15,2055,Clinton,3,100.13,FIGHTING,104.11,VIOLENT CONDUCT,106.10,DIRECT ORDER,5,4,3
2022-04-15,2000,Clinton,3,100.13,FIGHTING,104.11,VIOLENT CONDUCT,106.10,DIRECT ORDER,5,4,15
2022-04-15,1725,Collins,3,106.10,DIRECT ORDER,107.10,INTERFERENCE,,,2,2,15
2022-04-15,0910,Collins,3,106.10,DIRECT ORDER,107.10,INTERFERENCE,109.12,MOVEMENT VIO,4,3,15
2022-04-15,0915,Collins,3,104.11,VIOLENT CONDUCT,107.10,INTERFERENCE,107.11,HARASSMENT,4,3,15
2022-04-15,1232,Coxsackie,3,100.13,FIGHTING,104.11,VIOLENT CONDUCT,106.10,DIRECT ORDER,3,3,90
2022-04-15,2140,Eastern,3,104.11,VIOLENT CONDUCT,106.10,DIRECT ORDER,109.12,MOVEMENT VIO,4,3,44
2022-04-15,0825,Elmira,3,100.11,ASSAULT ON STAFF,113.10,WEAPON,118.22,UNHYGIENIC ACT,8,8,730
2022-04-15,2255,Franklin,3,102.10,THREATS,106.10,DIRECT ORDER,,,2,2,40
2022-04-15,1750,Great Meadow,3,118.22,UNHYGIENIC ACT,102.10,THREATS,106.10,DIRECT ORDER,7,7,119
2022-04-15,1945,Great Meadow,3,113.10,WEAPON,114.10,SMUGGLING,113.23,CONTRABAND,3,3,120
2022-04-15,1940,Great Meadow,3,113.10,WEAPON,114.10,SMUGGLING,106.10,DIRECT ORDER,8,7,179
2022-04-15,1920,Great Meadow,3,113.10,WEAPON,114.10,SMUGGLING,113.23,CONTRABAND,3,3,184
2022-04-15,1820,Greene,3,104.11,VIOLENT CONDUCT,104.13,CREATE DISTURB,109.12,MOVEMENT VIO,4,3,90
2022-04-15,1255,Greene,3,106.10,DIRECT ORDER,107.10,INTERFERENCE,109.12,MOVEMENT VIO,3,3,45
2022-04-15,1145,Marcy,3,100.11,ASSAULT ON STAFF,104.11,VIOLENT CONDUCT,107.10,INTERFERENCE,4,4,59
2022-04-15,1200,Mid-State,3,106.10,DIRECT ORDER,107.10,INTERFERENCE,109.12,MOVEMENT VIO,3,3,49
2022-04-15,1205,Mid-State,3,104.11,VIOLENT CONDUCT,115.10,SEARCH/FRISK,106.10,DIRECT ORDER,4,4,90
2022-04-15,0755,Mid-State,3,100.11,ASSAULT ON STAFF,104.11,VIOLENT CONDUCT,106.10,DIRECT ORDER,3,3,58
2022-04-15,0130,Mohawk,3,101.10,SEX OFFENSE,,,,,1,1,90
2022-04-15,1245,Orleans,3,100.13,FIGHTING,104.11,VIOLENT CONDUCT,106.10,DIRECT ORDER,4,4,45
2022-04-15,1630,Sullivan,3,100.11,ASSAULT ON STAFF,118.22,UNHYGIENIC ACT,102.10,THREATS,6,5,180
2022-04-15,0940,Ulster,3,100.11,ASSAULT ON STAFF,101.11,FORCIBLE TOUCHING,104.11,VIOLENT CONDUCT,6,6,200
2022-04-15,0750,Washington,3,104.11,VIOLENT CONDUCT,115.10,SEARCH/FRISK,106.10,DIRECT ORDER,6,6,30
2022-04-15,0625,Washington,3,100.13,FIGHTING,104.11,VIOLENT CONDUCT,106.10,DIRECT ORDER,5,5,89
2022-04-15,0625,Washington,3,100.13,FIGHTING,104.11,VIOLENT CONDUCT,106.10,DIRECT ORDER,4,4,29
2022-04-15,0900,Wende,3,101.22,STALKING,102.10,THREATS,104.11,VIOLENT CONDUCT,5,5,90
2022-04-16,2305,Bare Hill,3,102.10,THREATS,104.11,VIOLENT CONDUCT,106.10,DIRECT ORDER,5,3,30
2022-04-16,2215,Cayuga,3,102.10,THREATS,106.10,DIRECT ORDER,107.10,INTERFERENCE,7,6,28
2022-04-16,0900,Coxsackie,3,100.13,FIGHTING,104.11,VIOLENT CONDUCT,106.10,DIRECT ORDER,3,3,90
2022-04-16,0945,Eastern,3,113.10,WEAPON,113.23,CONTRABAND,113.11,ALTERED ITEM,3,3,184
2022-04-16,0345,Franklin,3,100.13,FIGHTING,104.11,VIOLENT CONDUCT,,,3,2,89
2022-04-16,2110,Great Meadow,3,104.11,VIOLENT CONDUCT,106.10,DIRECT ORDER,109.12,MOVEMENT VIO,3,3,120
2022-04-16,0845,Great Meadow,3,100.10,ASSAULT ON INMATE,113.10,WEAPON,100.13,FIGHTING,6,5,120
2022-04-16,0845,Great Meadow,3,100.13,FIGHTING,104.11,VIOLENT CONDUCT,106.10,DIRECT ORDER,5,5,30
2022-04-16,1200,Great Meadow,3,104.11,VIOLENT CONDUCT,106.10,DIRECT ORDER,107.10,INTERFERENCE,4,4,58
"Incidents Originally Resulting in a SHU sanction - April 2022 (Dismissals Excluded, Only Guilty Rule Violations Included)",,,,,,,,,,,,
Date,Time,Facility,TIER,Guilty1,,Guilty2,,Guilty3,,TotalInfractions,Total GuiltyInfractions,OriginalSHUDays
2022-04-16,0845,Great Meadow,3,100.11,ASSAULT ON STAFF,100.13,FIGHTING,104.11,VIOLENT CONDUCT,5,5,18
2022-04-16,1915,Greene,3,113.10,WEAPON,114.10,SMUGGLING,113.23,CONTRABAND,4,4,210
2022-04-16,1130,Mid-State,3,102.10,THREATS,104.11,VIOLENT CONDUCT,106.10,DIRECT ORDER,4,4,90
2022-04-16,1954,Mohawk,3,100.13,FIGHTING,104.11,VIOLENT CONDUCT,106.10,DIRECT ORDER,4,4,60
2022-04-16,1320,Mohawk,3,118.22,UNHYGIENIC ACT,106.10,DIRECT ORDER,109.10,OUT OF PLACE,3,3,45
2022-04-16,1954,Mohawk,3,100.13,FIGHTING,104.11,VIOLENT CONDUCT,,,3,2,60
2022-04-16,1954,Mohawk,3,100.13,FIGHTING,104.11,VIOLENT CONDUCT,115.10,SEARCH/FRISK,7,7,60
2022-04-16,1135,Sullivan,3,104.11,VIOLENT CONDUCT,104.13,CREATE DISTURB,116.10,LOSS/DAMAGE PROP,3,3,60
2022-04-16,1000,Upstate,3,106.10,DIRECT ORDER,107.10,INTERFERENCE,104.13,CREATE DISTURB,5,4,45
2022-04-16,1120,Upstate,3,100.13,FIGHTING,104.11,VIOLENT CONDUCT,106.10,DIRECT ORDER,3,3,75
2022-04-16,1120,Upstate,3,100.13,FIGHTING,106.10,DIRECT ORDER,,,3,2,30
2022-04-16,1250,Wende,3,102.10,THREATS,,,,,1,1,250
2022-04-17,1800,Albion,3,114.10,SMUGGLING,113.23,CONTRABAND,,,2,2,13
2022-04-17,1130,Auburn,3,100.11,ASSAULT ON STAFF,118.22,UNHYGIENIC ACT,,,2,2,365
2022-04-17,0800,Auburn,3,100.13,FIGHTING,104.11,VIOLENT CONDUCT,104.11,VIOLENT CONDUCT,10,9,89
2022-04-17,1740,Cape Vincent,3,113.10,WEAPON,104.11,VIOLENT CONDUCT,115.10,SEARCH/FRISK,6,6,400
2022-04-17,1135,Clinton,3,100.10,ASSAULT ON INMATE,113.10,WEAPON,104.11,VIOLENT CONDUCT,5,4,270
2022-04-17,1620,Clinton,3,100.13,FIGHTING,104.11,VIOLENT CONDUCT,106.10,DIRECT ORDER,5,3,60
2022-04-17,1620,Clinton,3,100.10,ASSAULT ON INMATE,113.10,WEAPON,100.13,FIGHTING,9,7,215
2022-04-17,1635,Collins,3,100.10,ASSAULT ON INMATE,100.11,ASSAULT ON STAFF,104.11,VIOLENT CONDUCT,4,4,90
2022-04-17,1430,Eastern,3,113.33,DRUG POSSES,,,,,2,1,47
2022-04-17,0930,Great Meadow,3,113.10,WEAPON,113.11,ALTERED ITEM,,,2,2,60
2022-04-17,1910,Green Haven,3,100.13,FIGHTING,104.11,VIOLENT CONDUCT,106.10,DIRECT ORDER,5,4,5
2022-04-17,1635,Greene,3,102.10,THREATS,106.10,DIRECT ORDER,121.12,PHONE VIOLATION,4,3,60
2022-04-17,0940,Lakeview,3,100.10,ASSAULT ON INMATE,113.10,WEAPON,100.13,FIGHTING,4,4,365
2022-04-17,0940,Lakeview,3,100.10,ASSAULT ON INMATE,104.11,VIOLENT CONDUCT,,,3,2,180
2022-04-17,1015,Lakeview,3,113.10,WEAPON,,,,,2,1,365
2022-04-17,0736,Mohawk,3,106.10,DIRECT ORDER,106.10,DIRECT ORDER,118.33,FLOODING,10,9,15
2022-04-17,2112,Mohawk,3,100.13,FIGHTING,104.11,VIOLENT CONDUCT,107.10,INTERFERENCE,4,4,45
2022-04-17,1100,Upstate,3,102.10,THREATS,106.10,DIRECT ORDER,107.10,INTERFERENCE,5,5,60
2022-04-17,2255,Wallkill,3,100.11,ASSAULT ON STAFF,106.10,DIRECT ORDER,107.10,INTERFERENCE,5,4,34
2022-04-17,0045,Washington,3,104.11,VIOLENT CONDUCT,,,,,3,1,59
2022-04-17,0930,Woodbourne,3,114.10,SMUGGLING,113.23,CONTRABAND,,,2,2,32
2022-04-18,0910,Albion,3,104.11,VIOLENT CONDUCT,104.13,CREATE DISTURB,107.20,FALSE INFORMATION,6,6,59
2022-04-18,1249,Attica,3,102.10,THREATS,104.11,VIOLENT CONDUCT,,,2,2,364
2022-04-18,1046,Attica,3,100.13,FIGHTING,104.11,VIOLENT CONDUCT,106.10,DIRECT ORDER,5,5,59
2022-04-18,1046,Attica,3,100.13,FIGHTING,104.11,VIOLENT CONDUCT,106.10,DIRECT ORDER,5,5,59
2022-04-18,1047,Attica,3,100.13,FIGHTING,104.11,VIOLENT CONDUCT,106.10,DIRECT ORDER,5,5,29
2022-04-18,2030,Cape Vincent,3,113.10,WEAPON,104.11,VIOLENT CONDUCT,106.10,DIRECT ORDER,5,5,90
2022-04-18,1111,Clinton,3,102.10,THREATS,106.10,DIRECT ORDER,107.10,INTERFERENCE,6,3,30
2022-04-18,1050,Elmira,3,104.11,VIOLENT CONDUCT,116.10,LOSS/DAMAGE PROP,,,2,2,90
2022-04-18,1240,Five Points,3,113.10,WEAPON,114.10,SMUGGLING,113.23,CONTRABAND,4,4,180
2022-04-18,1330,Five Points,3,114.10,SMUGGLING,180.11,FACIL CORRESPOND,113.23,CONTRABAND,4,4,45
"Incidents Originally Resulting in a SHU sanction - April 2022 (Dismissals Excluded, Only Guilty Rule Violations Included)",,,,,,,,,,,,
Date,Time,Facility,TIER,Guilty1,,Guilty2,,Guilty3,,TotalInfractions,Total GuiltyInfractions,OriginalSHUDays
2022-04-18,1230,Five Points,3,102.10,THREATS,113.26,EMPLOYEE INFO.,107.11,HARASSMENT,3,3,360
2022-04-18,1645,Five Points,3,104.11,VIOLENT CONDUCT,106.10,DIRECT ORDER,107.10,INTERFERENCE,5,5,89
2022-04-18,0810,Five Points,3,118.22,UNHYGIENIC ACT,,,,,1,1,90
2022-04-18,0800,Great Meadow,3,107.10,INTERFERENCE,107.20,FALSE INFORMATION,,,2,2,90
2022-04-18,0810,Great Meadow,3,102.10,THREATS,106.10,DIRECT ORDER,107.11,HARASSMENT,4,3,60
2022-04-18,1525,Green Haven,3,101.20,LEWD CONDUCT,107.10,INTERFERENCE,107.11,HARASSMENT,3,3,3
2022-04-18,1200,Greene,3,102.10,THREATS,104.11,VIOLENT CONDUCT,106.10,DIRECT ORDER,3,3,120
2022-04-18,1330,Greene,3,104.11,VIOLENT CONDUCT,106.10,DIRECT ORDER,107.10,INTERFERENCE,4,4,90
2022-04-18,1345,Greene,3,100.10,ASSAULT ON INMATE,104.11,VIOLENT CONDUCT,106.10,DIRECT ORDER,5,4,45
2022-04-18,1143,Marcy,3,102.10,THREATS,104.11,VIOLENT CONDUCT,107.10,INTERFERENCE,4,4,120
2022-04-18,1235,Orleans,3,102.10,THREATS,104.11,VIOLENT CONDUCT,106.10,DIRECT ORDER,6,6,365
2022-04-18,1300,Orleans,3,106.10,DIRECT ORDER,107.10,INTERFERENCE,116.10,LOSS/DAMAGE PROP,3,3,60
2022-04-18,1230,Shawangunk,3,102.10,THREATS,106.10,DIRECT ORDER,107.10,INTERFERENCE,4,3,60
2022-04-18,1105,Shawangunk,3,100.11,ASSAULT ON STAFF,104.11,VIOLENT CONDUCT,106.10,DIRECT ORDER,6,3,45
2022-04-18,1325,Sing Sing,3,100.11,ASSAULT ON STAFF,104.11,VIOLENT CONDUCT,106.10,DIRECT ORDER,4,4,60
2022-04-18,1340,Sing Sing,3,113.10,WEAPON,114.10,SMUGGLING,113.23,CONTRABAND,4,4,300
2022-04-18,0920,Upstate,3,102.10,THREATS,104.11,VIOLENT CONDUCT,106.10,DIRECT ORDER,8,8,180
2022-04-18,1915,Wallkill,3,100.11,ASSAULT ON STAFF,102.10,THREATS,104.11,VIOLENT CONDUCT,6,6,90
2022-04-18,1015,Washington,3,113.10,WEAPON,114.10,SMUGGLING,113.23,CONTRABAND,4,4,90
2022-04-18,1354,Washington,3,104.11,VIOLENT CONDUCT,106.10,DIRECT ORDER,104.13,CREATE DISTURB,4,4,90
2022-04-18,0940,Woodbourne,3,100.11,ASSAULT ON STAFF,104.11,VIOLENT CONDUCT,115.10,SEARCH/FRISK,6,6,60
2022-04-19,1815,Auburn,3,113.10,WEAPON,100.13,FIGHTING,104.11,VIOLENT CONDUCT,5,4,150
2022-04-19,1950,Auburn,3,100.13,FIGHTING,104.11,VIOLENT CONDUCT,106.10,DIRECT ORDER,4,4,45
2022-04-19,1950,Auburn,3,113.10,WEAPON,100.13,FIGHTING,104.11,VIOLENT CONDUCT,5,5,119
2022-04-19,1115,Auburn,3,100.11,ASSAULT ON STAFF,118.22,UNHYGIENIC ACT,102.10,THREATS,13,13,120
2022-04-19,2135,Bare Hill,3,102.10,THREATS,107.11,HARASSMENT,,,4,2,90
2022-04-19,0810,Clinton,3,106.10,DIRECT ORDER,106.10,DIRECT ORDER,107.10,INTERFERENCE,6,5,45
2022-04-19,1530,Clinton,3,113.10,WEAPON,100.13,FIGHTING,104.11,VIOLENT CONDUCT,5,4,220
2022-04-19,2020,Clinton,3,100.13,FIGHTING,104.11,VIOLENT CONDUCT,106.10,DIRECT ORDER,4,3,120
2022-04-19,2020,Clinton,3,100.13,FIGHTING,104.11,VIOLENT CONDUCT,106.10,DIRECT ORDER,4,4,149
2022-04-19,2035,Clinton,3,113.10,WEAPON,113.10,WEAPON,104.11,VIOLENT CONDUCT,7,6,730
2022-04-19,1530,Clinton,3,100.13,FIGHTING,104.11,VIOLENT CONDUCT,106.10,DIRECT ORDER,4,4,14
2022-04-19,1650,Clinton,3,100.13,FIGHTING,104.11,VIOLENT CONDUCT,104.13,CREATE DISTURB,4,3,30
2022-04-19,1025,Elmira,3,101.10,SEX OFFENSE,107.10,INTERFERENCE,104.13,CREATE DISTURB,4,4,60
2022-04-19,0800,Five Points,3,100.13,FIGHTING,104.11,VIOLENT CONDUCT,106.10,DIRECT ORDER,5,5,15
2022-04-19,0858,Five Points,3,100.13,FIGHTING,104.11,VIOLENT CONDUCT,104.11,VIOLENT CONDUCT,9,9,90
2022-04-19,1915,Gouverneur,3,113.10,WEAPON,114.10,SMUGGLING,113.23,CONTRABAND,4,4,60
2022-04-19,0925,Great Meadow,3,100.11,ASSAULT ON STAFF,118.22,UNHYGIENIC ACT,104.11,VIOLENT CONDUCT,4,4,180
2022-04-19,1050,Great Meadow,3,118.22,UNHYGIENIC ACT,102.10,THREATS,,,4,2,60
2022-04-19,1022,Greene,3,106.10,DIRECT ORDER,107.10,INTERFERENCE,109.12,MOVEMENT VIO,3,3,7
2022-04-19,1022,Greene,3,106.10,DIRECT ORDER,107.10,INTERFERENCE,109.12,MOVEMENT VIO,3,3,15
2022-04-19,0822,Marcy,3,100.10,ASSAULT ON INMATE,113.10,WEAPON,104.11,VIOLENT CONDUCT,3,3,500
2022-04-19,2315,Mid-State,3,100.10,ASSAULT ON INMATE,100.11,ASSAULT ON STAFF,104.11,VIOLENT CONDUCT,6,6,30
"Incidents Originally Resulting in a SHU sanction - April 2022 (Dismissals Excluded, Only Guilty Rule Violations Included)",,,,,,,,,,,,
Date,Time,Facility,TIER,Guilty1,,Guilty2,,Guilty3,,TotalInfractions,Total GuiltyInfractions,OriginalSHUDays
2022-04-19,1600,Mohawk,3,102.10,THREATS,104.11,VIOLENT CONDUCT,107.11,HARASSMENT,3,3,45
2022-04-19,0830,Mohawk,3,114.10,SMUGGLING,113.23,CONTRABAND,109.10,OUT OF PLACE,3,3,60
2022-04-19,1523,Riverview,3,100.11,ASSAULT ON STAFF,104.11,VIOLENT CONDUCT,115.10,SEARCH/FRISK,4,4,60
2022-04-19,1640,Sing Sing,3,104.11,VIOLENT CONDUCT,,,,,5,1,60
2022-04-19,1105,Upstate,3,104.12,DEMONSTRATION,106.10,DIRECT ORDER,107.10,INTERFERENCE,5,5,45
2022-04-19,1105,Upstate,3,104.12,DEMONSTRATION,106.10,DIRECT ORDER,107.10,INTERFERENCE,5,5,30
2022-04-19,1105,Upstate,3,104.12,DEMONSTRATION,106.10,DIRECT ORDER,112.20,DELAY COUNT,5,3,30
2022-04-19,1107,Upstate,3,106.10,DIRECT ORDER,107.10,INTERFERENCE,109.12,MOVEMENT VIO,5,4,60
2022-04-19,1107,Upstate,3,104.12,DEMONSTRATION,106.10,DIRECT ORDER,112.20,DELAY COUNT,5,3,30
2022-04-19,1107,Upstate,3,106.10,DIRECT ORDER,107.10,INTERFERENCE,109.12,MOVEMENT VIO,5,4,30
2022-04-19,1107,Upstate,3,104.12,DEMONSTRATION,106.10,DIRECT ORDER,107.10,INTERFERENCE,5,5,30
2022-04-19,1105,Upstate,3,104.12,DEMONSTRATION,106.10,DIRECT ORDER,107.10,INTERFERENCE,5,5,30
2022-04-19,1107,Upstate,3,104.12,DEMONSTRATION,106.10,DIRECT ORDER,107.10,INTERFERENCE,5,5,30
2022-04-19,1105,Upstate,3,104.12,DEMONSTRATION,106.10,DIRECT ORDER,107.10,INTERFERENCE,5,5,15
2022-04-19,1107,Upstate,3,104.12,DEMONSTRATION,106.10,DIRECT ORDER,107.10,INTERFERENCE,5,5,15
2022-04-19,1107,Upstate,3,104.12,DEMONSTRATION,106.10,DIRECT ORDER,107.10,INTERFERENCE,5,5,30
2022-04-19,1107,Upstate,3,104.12,DEMONSTRATION,106.10,DIRECT ORDER,107.10,INTERFERENCE,5,5,30
2022-04-19,1107,Upstate,3,104.12,DEMONSTRATION,106.10,DIRECT ORDER,107.10,INTERFERENCE,5,5,30
2022-04-19,1105,Upstate,3,104.12,DEMONSTRATION,106.10,DIRECT ORDER,107.10,INTERFERENCE,5,5,30
2022-04-19,1105,Upstate,3,104.12,DEMONSTRATION,106.10,DIRECT ORDER,107.10,INTERFERENCE,5,5,30
2022-04-19,1107,Upstate,3,104.12,DEMONSTRATION,106.10,DIRECT ORDER,107.10,INTERFERENCE,5,5,30
2022-04-19,1105,Upstate,3,104.12,DEMONSTRATION,106.10,DIRECT ORDER,107.10,INTERFERENCE,5,5,30
2022-04-19,1107,Upstate,3,104.12,DEMONSTRATION,106.10,DIRECT ORDER,107.10,INTERFERENCE,5,5,30
2022-04-19,0845,Upstate,3,100.11,ASSAULT ON STAFF,104.11,VIOLENT CONDUCT,107.10,INTERFERENCE,3,3,720
2022-04-19,1107,Upstate,3,104.12,DEMONSTRATION,106.10,DIRECT ORDER,107.10,INTERFERENCE,5,5,90
2022-04-19,1316,Upstate,3,104.11,VIOLENT CONDUCT,,,,,2,1,15
2022-04-19,1107,Upstate,3,104.12,DEMONSTRATION,106.10,DIRECT ORDER,107.10,INTERFERENCE,5,5,30
2022-04-19,1105,Upstate,3,104.12,DEMONSTRATION,106.10,DIRECT ORDER,109.12,MOVEMENT VIO,5,4,45
2022-04-19,1105,Upstate,3,104.12,DEMONSTRATION,106.10,DIRECT ORDER,109.12,MOVEMENT VIO,5,4,90
2022-04-19,1107,Upstate,3,104.12,DEMONSTRATION,106.10,DIRECT ORDER,107.10,INTERFERENCE,5,5,30
2022-04-19,1107,Upstate,3,104.12,DEMONSTRATION,106.10,DIRECT ORDER,107.10,INTERFERENCE,5,5,30
2022-04-19,1107,Upstate,3,104.12,DEMONSTRATION,106.10,DIRECT ORDER,107.10,INTERFERENCE,5,5,30
2022-04-19,1105,Upstate,3,104.12,DEMONSTRATION,106.10,DIRECT ORDER,107.10,INTERFERENCE,5,5,90
2022-04-19,1105,Upstate,3,104.12,DEMONSTRATION,106.10,DIRECT ORDER,109.12,MOVEMENT VIO,5,4,45
2022-04-19,1107,Upstate,3,104.12,DEMONSTRATION,106.10,DIRECT ORDER,107.10,INTERFERENCE,5,5,90
2022-04-19,1105,Upstate,3,104.12,DEMONSTRATION,106.10,DIRECT ORDER,107.10,INTERFERENCE,5,5,30
2022-04-19,1105,Upstate,3,104.12,DEMONSTRATION,106.10,DIRECT ORDER,107.10,INTERFERENCE,5,5,30
2022-04-19,1105,Upstate,3,104.12,DEMONSTRATION,106.10,DIRECT ORDER,107.10,INTERFERENCE,5,5,90
2022-04-19,1107,Upstate,3,104.12,DEMONSTRATION,106.10,DIRECT ORDER,107.10,INTERFERENCE,5,5,30
2022-04-19,1105,Upstate,3,104.12,DEMONSTRATION,106.10,DIRECT ORDER,109.12,MOVEMENT VIO,5,4,90
2022-04-19,1107,Upstate,3,104.12,DEMONSTRATION,106.10,DIRECT ORDER,109.12,MOVEMENT VIO,5,4,45
2022-04-19,1107,Upstate,3,104.12,DEMONSTRATION,106.10,DIRECT ORDER,109.12,MOVEMENT VIO,5,4,90
2022-04-19,1107,Upstate,3,104.12,DEMONSTRATION,106.10,DIRECT ORDER,107.10,INTERFERENCE,5,5,30
"Incidents Originally Resulting in a SHU sanction - April 2022 (Dismissals Excluded, Only Guilty Rule Violations Included)",,,,,,,,,,,,
Date,Time,Facility,TIER,Guilty1,,Guilty2,,Guilty3,,TotalInfractions,Total GuiltyInfractions,OriginalSHUDays
2022-04-19,0845,Upstate,3,102.10,THREATS,104.11,VIOLENT CONDUCT,106.10,DIRECT ORDER,5,5,270
2022-04-20,1215,Collins,3,106.10,DIRECT ORDER,107.10,INTERFERENCE,109.12,MOVEMENT VIO,3,3,7
2022-04-20,2210,Coxsackie,3,102.10,THREATS,106.10,DIRECT ORDER,107.10,INTERFERENCE,6,4,60
2022-04-20,0645,Elmira,3,100.11,ASSAULT ON STAFF,102.10,THREATS,104.11,VIOLENT CONDUCT,6,5,60
2022-04-20,0850,Elmira,3,113.10,WEAPON,114.10,SMUGGLING,,,2,2,120
2022-04-20,1150,Five Points,3,114.10,SMUGGLING,113.33,DRUG POSSES,113.23,CONTRABAND,5,3,30
2022-04-20,0800,Franklin,3,100.11,ASSAULT ON STAFF,104.11,VIOLENT CONDUCT,106.10,DIRECT ORDER,4,4,60
2022-04-20,1230,Gouverneur,3,102.10,THREATS,109.10,OUT OF PLACE,,,5,2,45
2022-04-20,0930,Great Meadow,3,104.11,VIOLENT CONDUCT,106.10,DIRECT ORDER,107.10,INTERFERENCE,6,3,60
2022-04-20,1840,Great Meadow,3,118.10,ARSON,104.13,CREATE DISTURB,116.10,LOSS/DAMAGE PROP,3,3,15
2022-04-20,1900,Green Haven,3,113.10,WEAPON,,,,,3,1,135
2022-04-20,1300,Green Haven,3,102.10,THREATS,102.10,THREATS,107.10,INTERFERENCE,9,8,6
2022-04-20,0740,Groveland,3,102.10,THREATS,106.10,DIRECT ORDER,107.10,INTERFERENCE,6,6,48
2022-04-20,1045,Lakeview,3,113.10,WEAPON,180.11,FACIL CORRESPOND,116.10,LOSS/DAMAGE PROP,6,6,90
2022-04-20,1800,Mid-State,3,104.11,VIOLENT CONDUCT,,,,,3,1,17
2022-04-20,1320,Sing Sing,3,100.11,ASSAULT ON STAFF,104.11,VIOLENT CONDUCT,106.10,DIRECT ORDER,5,4,45
2022-04-20,1320,Sing Sing,3,113.10,WEAPON,104.11,VIOLENT CONDUCT,114.10,SMUGGLING,5,5,285
2022-04-20,0900,Sing Sing,3,102.10,THREATS,104.11,VIOLENT CONDUCT,106.10,DIRECT ORDER,5,5,100
2022-04-20,1500,Sullivan,3,100.11,ASSAULT ON STAFF,102.10,THREATS,104.11,VIOLENT CONDUCT,4,4,270
2022-04-20,1354,Wyoming,3,113.33,DRUG POSSES,113.23,CONTRABAND,,,2,2,60
2022-04-21,1955,Attica,3,102.10,THREATS,104.11,VIOLENT CONDUCT,106.10,DIRECT ORDER,5,4,365
2022-04-21,0940,Bare Hill,3,102.10,THREATS,104.11,VIOLENT CONDUCT,181.10,HEARING DISP,6,6,30
2022-04-21,2045,Cape Vincent,3,113.10,WEAPON,113.23,CONTRABAND,113.11,ALTERED ITEM,3,3,90
2022-04-21,1139,Elmira,3,102.10,THREATS,106.10,DIRECT ORDER,104.13,CREATE DISTURB,5,3,24
2022-04-21,0836,Fishkill,3,118.22,UNHYGIENIC ACT,106.10,DIRECT ORDER,107.11,HARASSMENT,4,3,180
2022-04-21,2130,Fishkill,3,100.10,ASSAULT ON INMATE,100.13,FIGHTING,104.11,VIOLENT CONDUCT,7,7,60
2022-04-21,1137,Five Points,3,102.10,THREATS,,,,,4,1,15
2022-04-21,1255,Great Meadow,3,104.11,VIOLENT CONDUCT,104.13,CREATE DISTURB,109.12,MOVEMENT VIO,4,3,60
2022-04-21,1850,Green Haven,3,113.10,WEAPON,114.10,SMUGGLING,113.23,CONTRABAND,3,3,179
2022-04-21,1105,Greene,3,106.10,DIRECT ORDER,107.10,INTERFERENCE,109.12,MOVEMENT VIO,3,3,30
2022-04-21,1335,Lakeview,3,100.11,ASSAULT ON STAFF,104.11,VIOLENT CONDUCT,106.10,DIRECT ORDER,4,4,365
2022-04-21,1350,Mid-State,3,106.10,DIRECT ORDER,107.10,INTERFERENCE,109.12,MOVEMENT VIO,3,3,30
2022-04-21,2155,Sing Sing,3,113.10,WEAPON,113.23,CONTRABAND,,,2,2,200
2022-04-21,1800,Sing Sing,3,114.10,SMUGGLING,113.33,DRUG POSSES,113.23,CONTRABAND,4,3,49
2022-04-21,0625,Ulster,3,104.11,VIOLENT CONDUCT,106.10,DIRECT ORDER,107.10,INTERFERENCE,3,3,49
2022-04-21,2130,Ulster,3,104.11,VIOLENT CONDUCT,106.10,DIRECT ORDER,101.20,LEWD CONDUCT,6,6,49
2022-04-21,0015,Wyoming,3,102.10,THREATS,106.10,DIRECT ORDER,107.10,INTERFERENCE,4,4,40
2022-04-22,0802,Albion,3,104.11,VIOLENT CONDUCT,106.10,DIRECT ORDER,107.10,INTERFERENCE,5,5,30
2022-04-22,0854,Attica,3,100.13,FIGHTING,104.11,VIOLENT CONDUCT,107.10,INTERFERENCE,4,4,119
2022-04-22,0805,Bedford Hills,3,106.10,DIRECT ORDER,106.10,DIRECT ORDER,107.10,INTERFERENCE,6,3,15
2022-04-22,0805,Bedford Hills,3,100.11,ASSAULT ON STAFF,104.11,VIOLENT CONDUCT,106.10,DIRECT ORDER,6,6,180
2022-04-22,1730,Cape Vincent,3,100.11,ASSAULT ON STAFF,113.10,WEAPON,104.11,VIOLENT CONDUCT,6,4,730
2022-04-22,0757,Clinton,3,105.13,GANGS,106.10,DIRECT ORDER,180.11,FACIL CORRESPOND,3,3,14
"Incidents Originally Resulting in a SHU sanction - April 2022 (Dismissals Excluded, Only Guilty Rule Violations Included)",,,,,,,,,,,,
Date,Time,Facility,TIER,Guilty1,,Guilty2,,Guilty3,,TotalInfractions,Total GuiltyInfractions,OriginalSHUDays
2022-04-22,0820,Clinton,3,113.10,WEAPON,113.23,CONTRABAND,113.11,ALTERED ITEM,3,3,150
2022-04-22,1910,Clinton,3,104.11,VIOLENT CONDUCT,106.10,DIRECT ORDER,107.10,INTERFERENCE,6,5,120
2022-04-22,1530,Elmira,3,100.11,ASSAULT ON STAFF,100.11,ASSAULT ON STAFF,104.11,VIOLENT CONDUCT,10,8,90
2022-04-22,1030,Elmira,3,113.10,WEAPON,114.10,SMUGGLING,,,2,2,270
2022-04-22,0735,Franklin,3,113.10,WEAPON,114.10,SMUGGLING,113.11,ALTERED ITEM,3,3,180
2022-04-22,1421,Gouverneur,3,100.13,FIGHTING,104.11,VIOLENT CONDUCT,106.10,DIRECT ORDER,3,3,60
2022-04-22,1230,Great Meadow,3,100.10,ASSAULT ON INMATE,104.11,VIOLENT CONDUCT,,,4,2,365
2022-04-22,0809,Great Meadow,3,100.11,ASSAULT ON STAFF,104.11,VIOLENT CONDUCT,,,4,2,180
2022-04-22,0905,Greene,3,113.10,WEAPON,113.11,ALTERED ITEM,,,3,2,60
2022-04-22,1349,Greene,3,113.10,WEAPON,113.23,CONTRABAND,113.11,ALTERED ITEM,3,3,90
2022-04-22,1405,Mid-State,3,106.10,DIRECT ORDER,107.10,INTERFERENCE,109.12,MOVEMENT VIO,3,3,29
2022-04-22,1410,Mid-State,3,106.10,DIRECT ORDER,107.10,INTERFERENCE,109.12,MOVEMENT VIO,3,3,60
2022-04-22,1355,Mohawk,3,113.23,CONTRABAND,116.10,LOSS/DAMAGE PROP,113.11,ALTERED ITEM,3,3,5
2022-04-22,1400,Riverview,3,114.10,SMUGGLING,113.23,CONTRABAND,,,2,2,45
2022-04-22,0840,Sullivan,3,100.13,FIGHTING,104.11,VIOLENT CONDUCT,106.10,DIRECT ORDER,4,4,60
2022-04-22,0605,Upstate,3,100.13,FIGHTING,104.11,VIOLENT CONDUCT,106.10,DIRECT ORDER,5,5,90
2022-04-22,1905,Upstate,3,100.13,FIGHTING,104.11,VIOLENT CONDUCT,106.10,DIRECT ORDER,4,4,60
2022-04-22,1139,Upstate,3,100.13,FIGHTING,104.11,VIOLENT CONDUCT,106.10,DIRECT ORDER,3,3,60
2022-04-22,1905,Upstate,3,100.13,FIGHTING,104.11,VIOLENT CONDUCT,106.10,DIRECT ORDER,4,4,60
2022-04-23,1540,Auburn,3,113.10,WEAPON,,,,,2,1,60
2022-04-23,2248,Bare Hill,3,100.10,ASSAULT ON INMATE,104.11,VIOLENT CONDUCT,106.10,DIRECT ORDER,5,4,210
2022-04-23,1205,Cape Vincent,3,104.11,VIOLENT CONDUCT,106.10,DIRECT ORDER,107.10,INTERFERENCE,4,4,50
2022-04-23,2138,Cape Vincent,3,102.10,THREATS,104.11,VIOLENT CONDUCT,106.10,DIRECT ORDER,5,5,90
2022-04-23,1805,Cape Vincent,3,113.10,WEAPON,113.23,CONTRABAND,113.11,ALTERED ITEM,3,3,100
2022-04-23,1620,Cape Vincent,3,113.10,WEAPON,113.11,ALTERED ITEM,,,2,2,90
2022-04-23,2200,Cape Vincent,3,102.10,THREATS,104.11,VIOLENT CONDUCT,106.10,DIRECT ORDER,5,5,90
2022-04-23,1730,Cape Vincent,3,113.10,WEAPON,113.23,CONTRABAND,113.11,ALTERED ITEM,3,3,220
2022-04-23,1730,Cape Vincent,3,104.11,VIOLENT CONDUCT,106.10,DIRECT ORDER,,,2,2,30
2022-04-23,1108,Cape Vincent,3,113.10,WEAPON,113.11,ALTERED ITEM,,,2,2,240
2022-04-23,1734,Cape Vincent,3,113.10,WEAPON,113.23,CONTRABAND,113.11,ALTERED ITEM,3,3,130
2022-04-23,1540,Cape Vincent,3,115.10,SEARCH/FRISK,106.10,DIRECT ORDER,107.10,INTERFERENCE,3,3,15
2022-04-23,1800,Cape Vincent,3,113.10,WEAPON,113.23,CONTRABAND,113.11,ALTERED ITEM,3,3,120
2022-04-23,0735,Cape Vincent,3,100.11,ASSAULT ON STAFF,104.11,VIOLENT CONDUCT,106.10,DIRECT ORDER,5,5,60
2022-04-23,1650,Cape Vincent,3,113.10,WEAPON,113.23,CONTRABAND,113.11,ALTERED ITEM,3,3,90
2022-04-23,1110,Cape Vincent,3,113.10,WEAPON,,,,,1,1,120
2022-04-23,1006,Cape Vincent,3,113.10,WEAPON,115.10,SEARCH/FRISK,106.10,DIRECT ORDER,9,7,90
2022-04-23,0821,Collins,3,100.13,FIGHTING,106.10,DIRECT ORDER,,,3,2,30
2022-04-23,0820,Collins,3,100.13,FIGHTING,104.11,VIOLENT CONDUCT,106.10,DIRECT ORDER,3,3,45
2022-04-23,0920,Collins,3,100.10,ASSAULT ON INMATE,104.11,VIOLENT CONDUCT,106.10,DIRECT ORDER,3,3,60
2022-04-23,1320,Elmira,3,100.10,ASSAULT ON INMATE,113.10,WEAPON,100.13,FIGHTING,6,6,364
2022-04-23,1155,Five Points,3,100.10,ASSAULT ON INMATE,113.10,WEAPON,104.11,VIOLENT CONDUCT,6,4,30
2022-04-23,0735,Five Points,3,100.13,FIGHTING,104.11,VIOLENT CONDUCT,106.10,DIRECT ORDER,4,4,45
2022-04-23,1615,Franklin,3,113.10,WEAPON,114.10,SMUGGLING,115.10,SEARCH/FRISK,3,3,55
"Incidents Originally Resulting in a SHU sanction - April 2022 (Dismissals Excluded, Only Guilty Rule Violations Included)",,,,,,,,,,,,
Date,Time,Facility,TIER,Guilty1,,Guilty2,,Guilty3,,TotalInfractions,Total GuiltyInfractions,OriginalSHUDays
2022-04-23,0900,Great Meadow,3,100.11,ASSAULT ON STAFF,118.22,UNHYGIENIC ACT,,,2,2,200
2022-04-23,0900,Greene,3,100.13,FIGHTING,104.11,VIOLENT CONDUCT,106.10,DIRECT ORDER,4,4,30
2022-04-23,1540,Greene,3,113.10,WEAPON,114.10,SMUGGLING,180.10,FACIL VISITING,4,4,60
2022-04-23,0900,Greene,3,100.13,FIGHTING,104.11,VIOLENT CONDUCT,106.10,DIRECT ORDER,4,4,120
2022-04-23,0900,Greene,3,100.10,ASSAULT ON INMATE,100.13,FIGHTING,104.11,VIOLENT CONDUCT,5,4,60
2022-04-23,1443,Groveland,3,114.10,SMUGGLING,113.34,DRUG USE,180.10,FACIL VISITING,5,5,75
2022-04-23,1005,Sullivan,3,118.22,UNHYGIENIC ACT,102.10,THREATS,106.10,DIRECT ORDER,6,6,120
2022-04-23,1215,Upstate,3,100.13,FIGHTING,106.10,DIRECT ORDER,,,3,2,45
2022-04-23,1215,Upstate,3,100.13,FIGHTING,106.10,DIRECT ORDER,,,3,2,45
2022-04-23,1125,Wyoming,3,104.11,VIOLENT CONDUCT,115.10,SEARCH/FRISK,106.10,DIRECT ORDER,5,3,29
2022-04-24,1045,Attica,3,106.10,DIRECT ORDER,107.10,INTERFERENCE,107.11,HARASSMENT,3,3,13
2022-04-24,1030,Auburn,3,113.10,WEAPON,114.10,SMUGGLING,115.10,SEARCH/FRISK,6,4,730
2022-04-24,1036,Cape Vincent,3,104.11,VIOLENT CONDUCT,106.10,DIRECT ORDER,106.10,DIRECT ORDER,5,5,40
2022-04-24,1640,Cayuga,3,100.13,FIGHTING,104.11,VIOLENT CONDUCT,106.10,DIRECT ORDER,4,4,40
2022-04-24,1330,Cayuga,3,102.10,THREATS,104.11,VIOLENT CONDUCT,,,2,2,30
2022-04-24,1209,Five Points,3,100.13,FIGHTING,104.11,VIOLENT CONDUCT,106.10,DIRECT ORDER,4,4,47
2022-04-24,1055,Green Haven,3,100.10,ASSAULT ON INMATE,104.11,VIOLENT CONDUCT,104.13,CREATE DISTURB,3,3,60
2022-04-24,1735,Groveland,3,106.10,DIRECT ORDER,107.10,INTERFERENCE,109.12,MOVEMENT VIO,4,4,60
2022-04-24,0905,Mohawk,3,114.10,SMUGGLING,106.10,DIRECT ORDER,116.13,VANDAL/STEALING,5,5,60
2022-04-24,2235,Sing Sing,3,113.23,CONTRABAND,,,,,1,1,95
2022-04-24,0535,Sing Sing,3,113.10,WEAPON,113.23,CONTRABAND,113.23,CONTRABAND,3,3,270
2022-04-24,1500,Wende,3,100.13,FIGHTING,104.11,VIOLENT CONDUCT,106.10,DIRECT ORDER,4,4,33
2022-04-24,1010,Wende,3,100.13,FIGHTING,104.11,VIOLENT CONDUCT,104.13,CREATE DISTURB,4,3,2
2022-04-24,1010,Wende,3,100.13,FIGHTING,104.11,VIOLENT CONDUCT,106.10,DIRECT ORDER,4,4,2
2022-04-24,1500,Wende,3,100.13,FIGHTING,104.11,VIOLENT CONDUCT,106.10,DIRECT ORDER,4,4,33
2022-04-24,1500,Wende,3,100.13,FIGHTING,104.11,VIOLENT CONDUCT,106.10,DIRECT ORDER,3,3,2
2022-04-24,1945,Wende,3,104.11,VIOLENT CONDUCT,106.10,DIRECT ORDER,,,3,2,2
2022-04-24,1500,Wende,3,100.13,FIGHTING,104.11,VIOLENT CONDUCT,106.10,DIRECT ORDER,4,4,33
2022-04-24,1500,Wende,3,100.13,FIGHTING,104.11,VIOLENT CONDUCT,106.10,DIRECT ORDER,4,4,33
2022-04-24,0915,Wende,3,100.13,FIGHTING,104.11,VIOLENT CONDUCT,106.10,DIRECT ORDER,4,4,2
2022-04-24,0915,Wende,3,100.13,FIGHTING,104.11,VIOLENT CONDUCT,106.10,DIRECT ORDER,4,4,2
2022-04-24,1830,Wyoming,3,113.10,WEAPON,113.23,CONTRABAND,113.11,ALTERED ITEM,3,3,729
2022-04-25,1235,Bare Hill,3,102.10,THREATS,104.13,CREATE DISTURB,107.11,HARASSMENT,6,3,23
2022-04-25,1615,Cape Vincent,3,100.11,ASSAULT ON STAFF,104.11,VIOLENT CONDUCT,115.10,SEARCH/FRISK,5,5,60
2022-04-25,1610,Cayuga,3,102.10,THREATS,104.11,VIOLENT CONDUCT,106.10,DIRECT ORDER,5,5,60
2022-04-25,0924,Clinton,3,105.13,GANGS,,,,,2,1,150
2022-04-25,1630,Clinton,3,100.13,FIGHTING,106.10,DIRECT ORDER,,,4,2,15
2022-04-25,1710,Clinton,3,100.13,FIGHTING,104.11,VIOLENT CONDUCT,106.10,DIRECT ORDER,4,4,90
2022-04-25,1530,Clinton,3,113.10,WEAPON,114.10,SMUGGLING,113.11,ALTERED ITEM,3,3,180
2022-04-25,1630,Clinton,3,100.13,FIGHTING,,,,,4,1,4
2022-04-25,1710,Clinton,3,113.10,WEAPON,100.13,FIGHTING,104.11,VIOLENT CONDUCT,6,6,365
2022-04-25,1710,Clinton,3,100.13,FIGHTING,104.11,VIOLENT CONDUCT,106.10,DIRECT ORDER,4,3,32
2022-04-25,0810,Coxsackie,3,100.13,FIGHTING,104.11,VIOLENT CONDUCT,106.10,DIRECT ORDER,3,3,40
"Incidents Originally Resulting in a SHU sanction - April 2022 (Dismissals Excluded, Only Guilty Rule Violations Included)",,,,,,,,,,,,
Date,Time,Facility,TIER,Guilty1,,Guilty2,,Guilty3,,TotalInfractions,Total GuiltyInfractions,OriginalSHUDays
2022-04-25,0844,Elmira,3,100.13,FIGHTING,104.11,VIOLENT CONDUCT,106.10,DIRECT ORDER,4,3,30
2022-04-25,0945,Five Points,3,100.11,ASSAULT ON STAFF,113.10,WEAPON,100.13,FIGHTING,6,6,154
2022-04-25,0750,Great Meadow,3,100.11,ASSAULT ON STAFF,118.22,UNHYGIENIC ACT,107.10,INTERFERENCE,3,3,180
2022-04-25,1215,Greene,3,102.10,THREATS,104.11,VIOLENT CONDUCT,106.10,DIRECT ORDER,4,4,365
2022-04-25,1624,Greene,3,100.13,FIGHTING,104.11,VIOLENT CONDUCT,104.13,CREATE DISTURB,3,3,30
2022-04-25,0655,Mid-State,3,113.10,WEAPON,113.23,CONTRABAND,113.11,ALTERED ITEM,3,3,100
2022-04-25,1254,Mohawk,3,100.13,FIGHTING,104.11,VIOLENT CONDUCT,,,2,2,18
2022-04-25,1254,Mohawk,3,100.10,ASSAULT ON INMATE,100.13,FIGHTING,104.11,VIOLENT CONDUCT,3,3,89
2022-04-25,1000,Sing Sing,3,113.10,WEAPON,,,,,1,1,15
2022-04-25,1005,Sullivan,3,101.10,SEX OFFENSE,102.10,THREATS,104.11,VIOLENT CONDUCT,11,11,365
2022-04-25,1025,Washington,3,102.10,THREATS,104.11,VIOLENT CONDUCT,106.10,DIRECT ORDER,5,4,90
2022-04-25,1330,Wende,3,113.10,WEAPON,100.13,FIGHTING,104.11,VIOLENT CONDUCT,4,4,120
2022-04-25,1745,Wyoming,3,113.10,WEAPON,113.10,WEAPON,114.10,SMUGGLING,4,4,220
2022-04-26,0835,Cape Vincent,3,102.10,THREATS,104.11,VIOLENT CONDUCT,106.10,DIRECT ORDER,5,5,90
2022-04-26,1515,Cape Vincent,3,113.10,WEAPON,105.13,GANGS,114.10,SMUGGLING,5,5,90
2022-04-26,1320,Coxsackie,3,100.13,FIGHTING,106.10,DIRECT ORDER,100.15,DISORDERLY COND,3,3,63
2022-04-26,1320,Coxsackie,3,100.11,ASSAULT ON STAFF,100.13,FIGHTING,104.11,VIOLENT CONDUCT,7,7,90
2022-04-26,1935,Elmira,3,100.10,ASSAULT ON INMATE,113.10,WEAPON,100.13,FIGHTING,9,9,270
2022-04-26,1935,Elmira,3,100.10,ASSAULT ON INMATE,100.13,FIGHTING,104.11,VIOLENT CONDUCT,6,6,180
2022-04-26,0743,Great Meadow,3,100.10,ASSAULT ON INMATE,104.11,VIOLENT CONDUCT,104.13,CREATE DISTURB,3,3,365
2022-04-26,1435,Green Haven,3,100.10,ASSAULT ON INMATE,104.11,VIOLENT CONDUCT,104.11,VIOLENT CONDUCT,11,5,122
2022-04-26,1435,Green Haven,3,100.10,ASSAULT ON INMATE,113.10,WEAPON,100.13,FIGHTING,9,7,135
2022-04-26,1438,Green Haven,3,100.10,ASSAULT ON INMATE,113.10,WEAPON,104.11,VIOLENT CONDUCT,5,3,92
2022-04-26,2045,Greene,3,101.20,LEWD CONDUCT,107.11,HARASSMENT,,,3,2,30
2022-04-26,2130,Groveland,3,106.10,DIRECT ORDER,107.10,INTERFERENCE,109.12,MOVEMENT VIO,3,3,2
2022-04-26,1330,Groveland,3,113.10,WEAPON,113.23,CONTRABAND,113.11,ALTERED ITEM,3,3,270
2022-04-26,2255,Hudson,3,104.11,VIOLENT CONDUCT,106.10,DIRECT ORDER,107.10,INTERFERENCE,5,5,15
2022-04-26,0750,Mid-State,3,102.10,THREATS,106.10,DIRECT ORDER,107.11,HARASSMENT,4,3,30
2022-04-26,1500,Upstate,3,100.13,FIGHTING,,,,,1,1,10
2022-04-26,1635,Wende,3,113.10,WEAPON,114.10,SMUGGLING,113.11,ALTERED ITEM,3,3,180
2022-04-27,1545,Attica,3,106.10,DIRECT ORDER,107.10,INTERFERENCE,104.13,CREATE DISTURB,3,3,30
2022-04-27,1100,Auburn,3,102.10,THREATS,104.11,VIOLENT CONDUCT,106.10,DIRECT ORDER,6,6,45
2022-04-27,1800,Auburn,3,102.10,THREATS,104.11,VIOLENT CONDUCT,,,3,2,92
2022-04-27,1550,Clinton,3,113.10,WEAPON,113.23,CONTRABAND,,,2,2,732
2022-04-27,1205,Clinton,3,106.10,DIRECT ORDER,107.10,INTERFERENCE,104.13,CREATE DISTURB,3,3,50
2022-04-27,0935,Fishkill,3,100.13,FIGHTING,104.11,VIOLENT CONDUCT,106.10,DIRECT ORDER,3,3,45
2022-04-27,0935,Fishkill,3,104.11,VIOLENT CONDUCT,,,,,3,1,29
2022-04-27,0830,Great Meadow,3,100.13,FIGHTING,104.11,VIOLENT CONDUCT,106.10,DIRECT ORDER,4,4,90
2022-04-27,1115,Groveland,3,106.10,DIRECT ORDER,107.10,INTERFERENCE,109.12,MOVEMENT VIO,3,3,17
2022-04-27,1110,Groveland,3,113.10,WEAPON,113.23,CONTRABAND,113.11,ALTERED ITEM,3,3,32
2022-04-27,2215,Mid-State,3,100.10,ASSAULT ON INMATE,104.11,VIOLENT CONDUCT,104.13,CREATE DISTURB,3,3,219
2022-04-27,1330,Sing Sing,3,114.10,SMUGGLING,113.33,DRUG POSSES,113.34,DRUG USE,4,4,10
2022-04-27,2210,Ulster,3,100.11,ASSAULT ON STAFF,102.10,THREATS,104.11,VIOLENT CONDUCT,6,6,45
"Incidents Originally Resulting in a SHU sanction - April 2022 (Dismissals Excluded, Only Guilty Rule Violations Included)",,,,,,,,,,,,
Date,Time,Facility,TIER,Guilty1,,Guilty2,,Guilty3,,TotalInfractions,Total GuiltyInfractions,OriginalSHUDays
2022-04-27,1145,Wallkill,3,100.10,ASSAULT ON INMATE,113.10,WEAPON,104.11,VIOLENT CONDUCT,4,4,177
2022-04-28,0820,Clinton,3,104.11,VIOLENT CONDUCT,115.10,SEARCH/FRISK,106.10,DIRECT ORDER,5,3,45
2022-04-28,0800,Collins,3,106.10,DIRECT ORDER,107.10,INTERFERENCE,109.12,MOVEMENT VIO,3,3,59
2022-04-28,0905,Greene,3,113.10,WEAPON,113.23,CONTRABAND,113.11,ALTERED ITEM,3,3,35
