Unnamed: 0,Unnamed: 1,Unnamed: 2,New York State Department of Corrections and Community Supervision,Unnamed: 3,Unnamed: 4,Unnamed: 5,Unnamed: 6,Unnamed: 7,Unnamed: 8,Unnamed: 9,Unnamed: 10,Unnamed: 11
,,,"Disciplinary Incidents Originally Resulting in a SHU sanction - August 2022 (Dismissals Excluded, Only Guilty Rule Violations Included) As of August 29, 2022",,,,,,,,,
Date,Time,Facility,TIER Guilty1 G1Label Guilty2 G2Label Guilty3 G3Label Total Infractions Total Guilty Infractions,,Original SHU Days,,,,,,,
2022-08-01,1328,Attica,3 100.13 FIGHTING 104.11 VIOLENT CONDUCT 106.10 DIRECT ORDER 5,5.0,119,,,,,,,
2022-08-01,1328,Attica,3 100.13 FIGHTING 104.11 VIOLENT CONDUCT 106.10 DIRECT ORDER 5,5.0,90,,,,,,,
2022-08-01,1040,Attica,3 113.10 WEAPON 113.23 CONTRABAND 113.11 ALTERED ITEM 3,3.0,89,,,,,,,
2022-08-01,1920,Attica,3 102.10 THREATS 104.11 VIOLENT CONDUCT 115.10 SEARCH/FRISK 4,4.0,44,,,,,,,
2022-08-01,900,Auburn,3 100.13 FIGHTING 104.11 VIOLENT CONDUCT 106.10 DIRECT ORDER 5,5.0,75,,,,,,,
2022-08-01,900,Auburn,3 100.13 FIGHTING 104.11 VIOLENT CONDUCT 106.10 DIRECT ORDER 5,5.0,120,,,,,,,
2022-08-01,900,Auburn,3 100.13 FIGHTING 104.11 VIOLENT CONDUCT 106.10 DIRECT ORDER 5,4.0,90,,,,,,,
2022-08-01,915,Auburn,3 100.11 ASSAULT ON STAFF 104.11 VIOLENT CONDUCT 106.10 DIRECT ORDER 5,5.0,90,,,,,,,
2022-08-01,0,Bedford Hills,3 102.10 THREATS 106.10 DIRECT ORDER 118.33 FLOODING 10,9.0,60,,,,,,,
2022-08-01,2130,Bedford Hills,3 100.11 ASSAULT ON STAFF 118.22 UNHYGIENIC ACT 104.11 VIOLENT CONDUCT 5,4.0,120,,,,,,,
2022-08-01,810,Cayuga,3 104.11 VIOLENT CONDUCT 106.10 DIRECT ORDER 107.10 INTERFERENCE 4,4.0,62,,,,,,,
2022-08-01,1540,Collins,3 100.11 ASSAULT ON STAFF 1,1.0,45,,,,,,,
2022-08-01,2140,Collins,3 100.10 ASSAULT ON INCAR INDIV 100.13 FIGHTING 104.11 VIOLENT CONDUCT 3,3.0,90,,,,,,,
2022-08-01,1635,Coxsackie,3 104.12 DEMONSTRATION 106.10 DIRECT ORDER 107.10 INTERFERENCE 5,4.0,180,,,,,,,
2022-08-01,1635,Coxsackie,3 104.10 RIOTING 104.12 DEMONSTRATION 106.10 DIRECT ORDER 5,5.0,150,,,,,,,
2022-08-01,1035,Coxsackie,3 113.10 WEAPON 113.23 CONTRABAND 2,2.0,270,,,,,,,
2022-08-01,1035,Coxsackie,3 113.10 WEAPON 113.23 CONTRABAND 2,2.0,90,,,,,,,
2022-08-01,1635,Coxsackie,3 104.10 RIOTING 104.12 DEMONSTRATION 106.10 DIRECT ORDER 5,5.0,120,,,,,,,
2022-08-01,1635,Coxsackie,3 100.11 ASSAULT ON STAFF 104.11 VIOLENT CONDUCT 104.12 DEMONSTRATION 7,5.0,360,,,,,,,
2022-08-01,1635,Coxsackie,3 104.10 RIOTING 104.12 DEMONSTRATION 106.10 DIRECT ORDER 5,5.0,90,,,,,,,
2022-08-01,1635,Coxsackie,3 104.12 DEMONSTRATION 106.10 DIRECT ORDER 107.10 INTERFERENCE 5,4.0,90,,,,,,,
2022-08-01,1635,Coxsackie,3 104.10 RIOTING 104.12 DEMONSTRATION 106.10 DIRECT ORDER 5,5.0,210,,,,,,,
2022-08-01,1700,Coxsackie,3 104.11 VIOLENT CONDUCT 104.13 CREATE DISTURB 3,2.0,120,,,,,,,
2022-08-01,1035,Coxsackie,3 113.10 WEAPON 113.23 CONTRABAND 2,2.0,270,,,,,,,
2022-08-01,1635,Coxsackie,3 104.10 RIOTING 104.12 DEMONSTRATION 106.10 DIRECT ORDER 5,5.0,270,,,,,,,
2022-08-01,1035,Coxsackie,3 113.10 WEAPON 113.23 CONTRABAND 2,2.0,730,,,,,,,
2022-08-01,1035,Coxsackie,3 113.10 WEAPON 113.23 CONTRABAND 2,2.0,90,,,,,,,
2022-08-01,1635,Coxsackie,3 104.12 DEMONSTRATION 106.10 DIRECT ORDER 107.10 INTERFERENCE 5,4.0,270,,,,,,,
2022-08-01,1635,Coxsackie,3 104.10 RIOTING 104.12 DEMONSTRATION 106.10 DIRECT ORDER 4,4.0,210,,,,,,,
2022-08-01,1635,Coxsackie,3 104.10 RIOTING 104.12 DEMONSTRATION 106.10 DIRECT ORDER 5,5.0,120,,,,,,,
2022-08-01,1635,Coxsackie,3 100.11 ASSAULT ON STAFF 104.11 VIOLENT CONDUCT 104.12 DEMONSTRATION 7,5.0,360,,,,,,,
2022-08-01,1635,Coxsackie,3 100.11 ASSAULT ON STAFF 104.11 VIOLENT CONDUCT 104.12 DEMONSTRATION 7,5.0,360,,,,,,,
2022-08-01,1635,Coxsackie,3 100.11 ASSAULT ON STAFF 104.11 VIOLENT CONDUCT 104.12 DEMONSTRATION 6,5.0,180,,,,,,,
2022-08-01,1635,Coxsackie,3 100.11 ASSAULT ON STAFF 106.10 DIRECT ORDER 107.10 INTERFERENCE 5,4.0,60,,,,,,,
2022-08-01,1635,Coxsackie,3 100.11 ASSAULT ON STAFF 100.11 ASSAULT ON STAFF 104.11 VIOLENT CONDUCT 14,12.0,365,,,,,,,
2022-08-01,702,Fishkill,3 100.11 ASSAULT ON STAFF 113.23 CONTRABAND 107.11 HARASSMENT 8,3.0,59,,,,,,,
2022-08-01,945,Franklin,3 113.10 WEAPON 105.13 GANGS 113.23 CONTRABAND 4,4.0,162,,,,,,,
2022-08-01,1450,Great Meadow,3 113.10 WEAPON 113.23 CONTRABAND 113.11 ALTERED ITEM 3,3.0,365,,,,,,,
2022-08-01,1800,Great Meadow,3 102.10 THREATS 104.11 VIOLENT CONDUCT 107.11 HARASSMENT 4,3.0,59,,,,,,,
2022-08-01,915,Great Meadow,3 104.11 VIOLENT CONDUCT 106.10 DIRECT ORDER 107.10 INTERFERENCE 4,4.0,15,,,,,,,
2022-08-01,1255,Green Haven,3 113.10 WEAPON 2,1.0,105,,,,,,,
2022-08-01,1730,Green Haven,3 105.13 GANGS 113.23 CONTRABAND 2,2.0,20,,,,,,,
2022-08-01,1755,Green Haven,3 113.10 WEAPON 113.10 WEAPON 113.23 CONTRABAND 4,4.0,77,,,,,,,
2022-08-01,1835,Greene,3 106.10 DIRECT ORDER 107.10 INTERFERENCE 109.12 MOVEMENT VIO 3,3.0,30,,,,,,,
2022-08-01,40,Greene,3 113.10 WEAPON 113.23 CONTRABAND 2,2.0,95,,,,,,,
2022-08-01,2142,Marcy,3 114.10 SMUGGLING 113.34 DRUG USE 2,2.0,60,,,,,,,
2022-08-01,1000,Marcy,3 106.10 DIRECT ORDER 101.20 LEWD CONDUCT 2,2.0,45,,,,,,,
,,,"Disciplinary Incidents Originally Resulting in a SHU sanction - August 2022 (Dismissals Excluded, Only Guilty Rule Violations Included) As of August 29, 2022",,,,,,,,,
Date,Time,Facility,TIER Guilty1 G1Label Guilty2 G2Label Guilty3 G3Label Total Infractions Total Guilty Infractions,,Original SHU Days,,,,,,,
2022-08-01,1705,Mid-State,3 118.22 UNHYGIENIC ACT 3,1.0,75,,,,,,,
2022-08-01,1800,Mid-State,3 113.10 WEAPON 113.23 CONTRABAND 2,2.0,92,,,,,,,
2022-08-01,1339,Mohawk,3 100.13 FIGHTING 104.11 VIOLENT CONDUCT 2,2.0,60,,,,,,,
2022-08-01,1655,Orleans,3 118.22 UNHYGIENIC ACT 104.11 VIOLENT CONDUCT 106.10 DIRECT ORDER 5,5.0,47,,,,,,,
2022-08-01,1140,Riverview,3 100.11 ASSAULT ON STAFF 104.11 VIOLENT CONDUCT 104.13 CREATE DISTURB 4,3.0,60,,,,,,,
2022-08-01,1745,Riverview,3 102.10 THREATS 106.10 DIRECT ORDER 104.13 CREATE DISTURB 5,5.0,34,,,,,,,
2022-08-01,930,Sing Sing,3 100.10 ASSAULT ON INCAR INDIV 100.13 FIGHTING 104.11 VIOLENT CONDUCT 4,4.0,184,,,,,,,
2022-08-01,2045,Upstate,3 100.11 ASSAULT ON STAFF 104.11 VIOLENT CONDUCT 106.10 DIRECT ORDER 6,6.0,365,,,,,,,
2022-08-01,1950,Washington,3 100.11 ASSAULT ON STAFF 104.11 VIOLENT CONDUCT 2,2.0,89,,,,,,,
2022-08-01,1015,Wende,3 100.13 FIGHTING 104.11 VIOLENT CONDUCT 106.10 DIRECT ORDER 4,4.0,47,,,,,,,
2022-08-01,1015,Wende,3 100.13 FIGHTING 104.11 VIOLENT CONDUCT 106.10 DIRECT ORDER 4,3.0,3,,,,,,,
2022-08-01,1015,Wende,3 100.13 FIGHTING 104.11 VIOLENT CONDUCT 106.10 DIRECT ORDER 4,4.0,3,,,,,,,
2022-08-01,1015,Wende,3 100.13 FIGHTING 104.11 VIOLENT CONDUCT 106.10 DIRECT ORDER 4,4.0,2,,,,,,,
2022-08-02,2040,Altona,3 100.11 ASSAULT ON STAFF 104.11 VIOLENT CONDUCT 106.10 DIRECT ORDER 5,5.0,60,,,,,,,
2022-08-02,1630,Auburn,3 113.10 WEAPON 113.11 ALTERED ITEM 2,2.0,269,,,,,,,
2022-08-02,1810,Cape Vincent,3 100.11 ASSAULT ON STAFF 113.10 WEAPON 104.11 VIOLENT CONDUCT 6,6.0,400,,,,,,,
2022-08-02,1450,Coxsackie,3 113.11 ALTERED ITEM 3,1.0,8,,,,,,,
2022-08-02,2000,Coxsackie,3 104.12 DEMONSTRATION 106.10 DIRECT ORDER 105.10 UNAUTH ASSMEBLY 6,6.0,180,,,,,,,
2022-08-02,2000,Coxsackie,3 104.12 DEMONSTRATION 106.10 DIRECT ORDER 105.10 UNAUTH ASSMEBLY 6,6.0,180,,,,,,,
2022-08-02,2000,Coxsackie,3 104.12 DEMONSTRATION 106.10 DIRECT ORDER 105.10 UNAUTH ASSMEBLY 6,6.0,180,,,,,,,
2022-08-02,710,Coxsackie,3 100.11 ASSAULT ON STAFF 100.11 ASSAULT ON STAFF 104.11 VIOLENT CONDUCT 9,9.0,120,,,,,,,
2022-08-02,2000,Coxsackie,3 104.12 DEMONSTRATION 106.10 DIRECT ORDER 105.10 UNAUTH ASSMEBLY 6,6.0,180,,,,,,,
2022-08-02,2000,Coxsackie,3 104.12 DEMONSTRATION 106.10 DIRECT ORDER 105.10 UNAUTH ASSMEBLY 6,6.0,180,,,,,,,
2022-08-02,2000,Coxsackie,3 104.12 DEMONSTRATION 106.10 DIRECT ORDER 105.10 UNAUTH ASSMEBLY 6,6.0,180,,,,,,,
2022-08-02,2000,Coxsackie,3 104.12 DEMONSTRATION 106.10 DIRECT ORDER 105.10 UNAUTH ASSMEBLY 6,6.0,180,,,,,,,
2022-08-02,750,Coxsackie,3 113.10 WEAPON 113.23 CONTRABAND 113.11 ALTERED ITEM 3,3.0,120,,,,,,,
2022-08-02,2000,Coxsackie,3 104.12 DEMONSTRATION 106.10 DIRECT ORDER 105.10 UNAUTH ASSMEBLY 6,6.0,180,,,,,,,
2022-08-02,2000,Coxsackie,3 104.12 DEMONSTRATION 106.10 DIRECT ORDER 105.10 UNAUTH ASSMEBLY 6,6.0,180,,,,,,,
2022-08-02,930,Coxsackie,3 100.11 ASSAULT ON STAFF 104.11 VIOLENT CONDUCT 106.10 DIRECT ORDER 5,5.0,189,,,,,,,
2022-08-02,1215,Coxsackie,3 104.11 VIOLENT CONDUCT 115.10 SEARCH/FRISK 106.10 DIRECT ORDER 4,4.0,60,,,,,,,
2022-08-02,1835,Eastern,3 113.10 WEAPON 114.10 SMUGGLING 113.23 CONTRABAND 3,3.0,90,,,,,,,
2022-08-02,940,Eastern,3 102.10 THREATS 104.11 VIOLENT CONDUCT 107.10 INTERFERENCE 4,4.0,39,,,,,,,
2022-08-02,1420,Elmira,3 113.10 WEAPON 105.13 GANGS 113.11 ALTERED ITEM 3,3.0,210,,,,,,,
2022-08-02,1115,Elmira,3 113.10 WEAPON 100.13 FIGHTING 104.11 VIOLENT CONDUCT 6,6.0,180,,,,,,,
2022-08-02,1153,Fishkill,3 100.11 ASSAULT ON STAFF 102.10 THREATS 104.11 VIOLENT CONDUCT 7,6.0,365,,,,,,,
2022-08-02,1528,Fishkill,3 100.11 ASSAULT ON STAFF 106.10 DIRECT ORDER 109.10 OUT OF PLACE 5,3.0,48,,,,,,,
2022-08-02,1515,Five Points,3 100.11 ASSAULT ON STAFF 113.10 WEAPON 104.11 VIOLENT CONDUCT 7,7.0,200,,,,,,,
2022-08-02,845,Gouverneur,3 100.13 FIGHTING 102.10 THREATS 104.11 VIOLENT CONDUCT 5,5.0,43,,,,,,,
2022-08-02,700,Great Meadow,3 101.10 SEX OFFENSE 101.22 STALKING 180.11 FACIL CORRESPOND 4,4.0,120,,,,,,,
2022-08-02,1355,Great Meadow,3 113.10 WEAPON 113.23 CONTRABAND 113.11 ALTERED ITEM 3,3.0,90,,,,,,,
2022-08-02,740,Great Meadow,3 102.10 THREATS 3,1.0,90,,,,,,,
2022-08-02,1000,Green Haven,3 100.11 ASSAULT ON STAFF 118.22 UNHYGIENIC ACT 104.11 VIOLENT CONDUCT 5,5.0,130,,,,,,,
2022-08-02,1045,Green Haven,3 104.11 VIOLENT CONDUCT 115.10 SEARCH/FRISK 107.10 INTERFERENCE 4,4.0,30,,,,,,,
2022-08-02,910,Greene,3 100.10 ASSAULT ON INCAR INDIV 113.10 WEAPON 104.11 VIOLENT CONDUCT 5,4.0,130,,,,,,,
2022-08-02,910,Greene,3 100.10 ASSAULT ON INCAR INDIV 113.10 WEAPON 104.11 VIOLENT CONDUCT 5,4.0,100,,,,,,,
2022-08-02,950,Groveland,3 113.10 WEAPON 113.23 CONTRABAND 113.11 ALTERED ITEM 3,3.0,180,,,,,,,
2022-08-02,1010,Groveland,3 102.10 THREATS 107.11 HARASSMENT 116.10 LOSS/DAMAGE PROP 3,3.0,118,,,,,,,
,,,"Disciplinary Incidents Originally Resulting in a SHU sanction - August 2022 (Dismissals Excluded, Only Guilty Rule Violations Included) As of August 29, 2022",,,,,,,,,
Date,Time,Facility,TIER Guilty1 G1Label Guilty2 G2Label Guilty3 G3Label Total Infractions Total Guilty Infractions,,Original SHU Days,,,,,,,
2022-08-02,930,Groveland,3 113.10 WEAPON 113.23 CONTRABAND 113.11 ALTERED ITEM 3,3.0,180,,,,,,,
2022-08-02,910,Marcy,3 100.11 ASSAULT ON STAFF 104.11 VIOLENT CONDUCT 106.10 DIRECT ORDER 4,4.0,182,,,,,,,
2022-08-02,820,Mid-State,3 104.11 VIOLENT CONDUCT 106.10 DIRECT ORDER 107.10 INTERFERENCE 4,4.0,120,,,,,,,
2022-08-02,1005,Mohawk,3 102.10 THREATS 104.11 VIOLENT CONDUCT 115.10 SEARCH/FRISK 5,5.0,45,,,,,,,
2022-08-02,1500,Upstate,3 100.13 FIGHTING 104.11 VIOLENT CONDUCT 106.10 DIRECT ORDER 4,3.0,60,,,,,,,
2022-08-02,725,Upstate,3 106.10 DIRECT ORDER 107.10 INTERFERENCE 104.13 CREATE DISTURB 4,4.0,60,,,,,,,
2022-08-02,1655,Upstate,3 101.10 SEX OFFENSE 101.20 LEWD CONDUCT 107.10 INTERFERENCE 3,3.0,90,,,,,,,
2022-08-02,1030,Upstate,3 100.13 FIGHTING 104.11 VIOLENT CONDUCT 106.10 DIRECT ORDER 7,7.0,60,,,,,,,
2022-08-02,722,Upstate,3 118.22 UNHYGIENIC ACT 104.11 VIOLENT CONDUCT 106.10 DIRECT ORDER 5,4.0,30,,,,,,,
2022-08-02,1035,Upstate,3 104.11 VIOLENT CONDUCT 107.10 INTERFERENCE 104.13 CREATE DISTURB 5,5.0,90,,,,,,,
2022-08-02,1035,Upstate,3 102.10 THREATS 104.11 VIOLENT CONDUCT 106.10 DIRECT ORDER 5,5.0,90,,,,,,,
2022-08-02,1140,Washington,3 102.10 THREATS 106.10 DIRECT ORDER 4,2.0,3,,,,,,,
2022-08-02,2100,Wende,3 101.22 STALKING 180.11 FACIL CORRESPOND 103.20 SOLICITING 3,3.0,122,,,,,,,
2022-08-02,2020,Wende,3 105.13 GANGS 114.10 SMUGGLING 113.34 DRUG USE 6,6.0,195,,,,,,,
2022-08-02,845,Wende,3 100.11 ASSAULT ON STAFF 104.11 VIOLENT CONDUCT 101.20 LEWD CONDUCT 5,5.0,48,,,,,,,
2022-08-02,900,Wende,3 113.23 CONTRABAND 1,1.0,30,,,,,,,
2022-08-03,1000,Albion,3 100.11 ASSAULT ON STAFF 102.10 THREATS 104.11 VIOLENT CONDUCT 14,14.0,363,,,,,,,
2022-08-03,1100,Albion,3 113.33 DRUG POSSES 113.34 DRUG USE 180.10 FACIL VISITING 5,5.0,75,,,,,,,
2022-08-03,800,Altona,3 114.10 SMUGGLING 113.34 DRUG USE 103.20 SOLICITING 3,3.0,120,,,,,,,
2022-08-03,1100,Attica,3 102.10 THREATS 104.11 VIOLENT CONDUCT 115.10 SEARCH/FRISK 10,10.0,179,,,,,,,
2022-08-03,1925,Auburn,3 100.11 ASSAULT ON STAFF 104.11 VIOLENT CONDUCT 4,2.0,90,,,,,,,
2022-08-03,900,Auburn,3 102.10 THREATS 104.11 VIOLENT CONDUCT 107.10 INTERFERENCE 5,5.0,60,,,,,,,
2022-08-03,818,Cayuga,3 113.23 CONTRABAND 1,1.0,60,,,,,,,
2022-08-03,1825,Cayuga,3 106.10 DIRECT ORDER 107.10 INTERFERENCE 109.12 MOVEMENT VIO 4,4.0,90,,,,,,,
2022-08-03,810,Clinton,3 118.22 UNHYGIENIC ACT 114.10 SMUGGLING 4,2.0,90,,,,,,,
2022-08-03,1119,Coxsackie,3 104.11 VIOLENT CONDUCT 105.13 GANGS 115.10 SEARCH/FRISK 6,6.0,60,,,,,,,
2022-08-03,945,Coxsackie,3 104.11 VIOLENT CONDUCT 106.10 DIRECT ORDER 2,2.0,20,,,,,,,
2022-08-03,815,Coxsackie,3 104.11 VIOLENT CONDUCT 115.10 SEARCH/FRISK 106.10 DIRECT ORDER 4,4.0,30,,,,,,,
2022-08-03,1010,Coxsackie,3 113.10 WEAPON 113.11 ALTERED ITEM 2,2.0,60,,,,,,,
2022-08-03,1140,Coxsackie,3 100.11 ASSAULT ON STAFF 100.11 ASSAULT ON STAFF 118.22 UNHYGIENIC ACT 4,4.0,60,,,,,,,
2022-08-03,1420,Coxsackie,3 113.10 WEAPON 113.10 WEAPON 113.11 ALTERED ITEM 4,4.0,900,,,,,,,
2022-08-03,810,Coxsackie,3 100.11 ASSAULT ON STAFF 104.11 VIOLENT CONDUCT 115.10 SEARCH/FRISK 4,4.0,60,,,,,,,
2022-08-03,810,Coxsackie,3 100.11 ASSAULT ON STAFF 104.11 VIOLENT CONDUCT 115.10 SEARCH/FRISK 5,5.0,120,,,,,,,
2022-08-03,1005,Coxsackie,3 100.11 ASSAULT ON STAFF 106.10 DIRECT ORDER 2,2.0,120,,,,,,,
2022-08-03,810,Coxsackie,3 100.11 ASSAULT ON STAFF 104.11 VIOLENT CONDUCT 115.10 SEARCH/FRISK 5,5.0,365,,,,,,,
2022-08-03,52,Coxsackie,3 100.11 ASSAULT ON STAFF 104.11 VIOLENT CONDUCT 106.10 DIRECT ORDER 4,4.0,45,,,,,,,
2022-08-03,1251,Coxsackie,3 100.11 ASSAULT ON STAFF 104.11 VIOLENT CONDUCT 115.10 SEARCH/FRISK 5,5.0,120,,,,,,,
2022-08-03,1144,Coxsackie,3 118.10 ARSON 104.13 CREATE DISTURB 116.10 LOSS/DAMAGE PROP 5,3.0,60,,,,,,,
2022-08-03,1045,Eastern,3 114.10 SMUGGLING 113.23 CONTRABAND 113.15 UNAUTH EXCHANGE 3,3.0,180,,,,,,,
2022-08-03,1015,Eastern,3 114.10 SMUGGLING 115.10 SEARCH/FRISK 106.10 DIRECT ORDER 7,6.0,180,,,,,,,
2022-08-03,1607,Elmira,3 100.10 ASSAULT ON INCAR INDIV 100.13 FIGHTING 104.11 VIOLENT CONDUCT 5,5.0,90,,,,,,,
2022-08-03,1607,Elmira,3 104.11 VIOLENT CONDUCT 104.13 CREATE DISTURB 4,2.0,9,,,,,,,
2022-08-03,1800,Elmira,3 105.13 GANGS 1,1.0,90,,,,,,,
2022-08-03,1607,Elmira,3 104.11 VIOLENT CONDUCT 105.13 GANGS 106.10 DIRECT ORDER 7,5.0,120,,,,,,,
2022-08-03,1607,Elmira,3 100.10 ASSAULT ON INCAR INDIV 100.13 FIGHTING 104.11 VIOLENT CONDUCT 5,5.0,270,,,,,,,
2022-08-03,1607,Elmira,3 100.10 ASSAULT ON INCAR INDIV 100.13 FIGHTING 104.11 VIOLENT CONDUCT 5,5.0,120,,,,,,,
2022-08-03,815,Fishkill,3 107.11 HARASSMENT 6,1.0,2,,,,,,,
,,,"Disciplinary Incidents Originally Resulting in a SHU sanction - August 2022 (Dismissals Excluded, Only Guilty Rule Violations Included) As of August 29, 2022",,,,,,,,,
Date,Time,Facility,TIER Guilty1 G1Label Guilty2 G2Label Guilty3 G3Label Total Infractions Total Guilty Infractions,,Original SHU Days,,,,,,,
2022-08-03,813,Fishkill,3 100.10 ASSAULT ON INCAR INDIV 100.13 FIGHTING 104.11 VIOLENT CONDUCT 3,3.0,30,,,,,,,
2022-08-03,1720,Fishkill,3 102.10 THREATS 106.10 DIRECT ORDER 116.13 VANDAL/STEALING 7,4.0,120,,,,,,,
2022-08-03,1245,Fishkill,3 104.11 VIOLENT CONDUCT 106.10 DIRECT ORDER 104.13 CREATE DISTURB 4,4.0,44,,,,,,,
2022-08-03,1145,Five Points,3 113.10 WEAPON 100.13 FIGHTING 104.11 VIOLENT CONDUCT 6,6.0,365,,,,,,,
2022-08-03,2150,Great Meadow,3 118.22 UNHYGIENIC ACT 1,1.0,90,,,,,,,
2022-08-03,1205,Great Meadow,3 100.11 ASSAULT ON STAFF 118.22 UNHYGIENIC ACT 107.10 INTERFERENCE 3,3.0,365,,,,,,,
2022-08-03,1257,Great Meadow,3 100.10 ASSAULT ON INCAR INDIV 113.10 WEAPON 104.11 VIOLENT CONDUCT 4,3.0,270,,,,,,,
2022-08-03,845,Great Meadow,3 118.22 UNHYGIENIC ACT 104.11 VIOLENT CONDUCT 106.10 DIRECT ORDER 10,7.0,300,,,,,,,
2022-08-03,1815,Green Haven,3 100.11 ASSAULT ON STAFF 100.11 ASSAULT ON STAFF 100.13 FIGHTING 15,15.0,92,,,,,,,
2022-08-03,930,Green Haven,3 118.22 UNHYGIENIC ACT 118.22 UNHYGIENIC ACT 102.10 THREATS 10,10.0,365,,,,,,,
2022-08-03,1358,Lakeview,3 104.12 DEMONSTRATION 106.10 DIRECT ORDER 107.10 INTERFERENCE 5,4.0,90,,,,,,,
2022-08-03,1358,Lakeview,3 100.11 ASSAULT ON STAFF 104.11 VIOLENT CONDUCT 104.12 DEMONSTRATION 6,6.0,270,,,,,,,
2022-08-03,802,Marcy,3 104.11 VIOLENT CONDUCT 106.10 DIRECT ORDER 104.13 CREATE DISTURB 3,3.0,60,,,,,,,
2022-08-03,1300,Marcy,3 114.10 SMUGGLING 113.23 CONTRABAND 2,2.0,120,,,,,,,
2022-08-03,1625,Marcy,3 118.22 UNHYGIENIC ACT 106.10 DIRECT ORDER 107.11 HARASSMENT 3,3.0,45,,,,,,,
2022-08-03,845,Mid-State,3 107.10 INTERFERENCE 3,1.0,15,,,,,,,
2022-08-03,1550,Mid-State,3 106.10 DIRECT ORDER 107.10 INTERFERENCE 109.12 MOVEMENT VIO 3,3.0,10,,,,,,,
2022-08-03,803,Orleans,3 100.10 ASSAULT ON INCAR INDIV 100.13 FIGHTING 104.11 VIOLENT CONDUCT 7,7.0,180,,,,,,,
2022-08-03,1500,Upstate,3 113.10 WEAPON 114.10 SMUGGLING 113.23 CONTRABAND 3,3.0,365,,,,,,,
2022-08-03,910,Upstate,3 100.13 FIGHTING 104.11 VIOLENT CONDUCT 106.10 DIRECT ORDER 4,4.0,30,,,,,,,
2022-08-03,910,Upstate,3 100.13 FIGHTING 104.11 VIOLENT CONDUCT 107.10 INTERFERENCE 3,3.0,30,,,,,,,
2022-08-04,930,Adirondack,3 102.10 THREATS 102.10 THREATS 104.12 DEMONSTRATION 10,10.0,45,,,,,,,
2022-08-04,2320,Attica,3 101.20 LEWD CONDUCT 107.10 INTERFERENCE 112.20 DELAY COUNT 4,4.0,12,,,,,,,
2022-08-04,805,Auburn,3 101.20 LEWD CONDUCT 2,1.0,60,,,,,,,
2022-08-04,2320,Bare Hill,3 102.10 THREATS 106.10 DIRECT ORDER 107.11 HARASSMENT 4,3.0,60,,,,,,,
2022-08-04,1240,Collins,3 104.11 VIOLENT CONDUCT 106.10 DIRECT ORDER 104.13 CREATE DISTURB 4,3.0,4,,,,,,,
2022-08-04,915,Coxsackie,3 100.11 ASSAULT ON STAFF 104.11 VIOLENT CONDUCT 115.10 SEARCH/FRISK 5,5.0,66,,,,,,,
2022-08-04,718,Coxsackie,3 104.11 VIOLENT CONDUCT 115.10 SEARCH/FRISK 106.10 DIRECT ORDER 6,4.0,30,,,,,,,
2022-08-04,845,Coxsackie,3 102.10 THREATS 2,1.0,120,,,,,,,
2022-08-04,1325,Coxsackie,3 100.11 ASSAULT ON STAFF 104.11 VIOLENT CONDUCT 115.10 SEARCH/FRISK 6,4.0,60,,,,,,,
2022-08-04,1300,Coxsackie,3 104.11 VIOLENT CONDUCT 4,1.0,9,,,,,,,
2022-08-04,945,Coxsackie,3 101.10 SEX OFFENSE 102.10 THREATS 107.11 HARASSMENT 4,3.0,365,,,,,,,
2022-08-04,1238,Coxsackie,3 104.11 VIOLENT CONDUCT 109.12 MOVEMENT VIO 4,2.0,30,,,,,,,
2022-08-04,1132,Coxsackie,3 104.11 VIOLENT CONDUCT 115.10 SEARCH/FRISK 106.10 DIRECT ORDER 6,5.0,65,,,,,,,
2022-08-04,835,Coxsackie,3 113.10 WEAPON 104.11 VIOLENT CONDUCT 106.10 DIRECT ORDER 6,4.0,120,,,,,,,
2022-08-04,715,Coxsackie,3 100.11 ASSAULT ON STAFF 104.11 VIOLENT CONDUCT 115.10 SEARCH/FRISK 5,5.0,60,,,,,,,
2022-08-04,1215,Coxsackie,3 104.11 VIOLENT CONDUCT 115.10 SEARCH/FRISK 106.10 DIRECT ORDER 5,3.0,30,,,,,,,
2022-08-04,935,Coxsackie,3 113.10 WEAPON 114.10 SMUGGLING 2,2.0,290,,,,,,,
2022-08-04,715,Coxsackie,3 100.11 ASSAULT ON STAFF 104.11 VIOLENT CONDUCT 115.10 SEARCH/FRISK 5,5.0,48,,,,,,,
2022-08-04,715,Coxsackie,3 104.11 VIOLENT CONDUCT 115.10 SEARCH/FRISK 106.10 DIRECT ORDER 4,4.0,30,,,,,,,
2022-08-04,1132,Coxsackie,3 100.11 ASSAULT ON STAFF 104.11 VIOLENT CONDUCT 104.11 VIOLENT CONDUCT 7,7.0,60,,,,,,,
2022-08-04,1334,Elmira,3 114.10 SMUGGLING 113.33 DRUG POSSES 113.34 DRUG USE 5,5.0,280,,,,,,,
2022-08-04,915,Elmira,3 102.10 THREATS 104.11 VIOLENT CONDUCT 114.10 SMUGGLING 7,6.0,200,,,,,,,
2022-08-04,1200,Five Points,3 100.11 ASSAULT ON STAFF 118.22 UNHYGIENIC ACT 2,2.0,90,,,,,,,
2022-08-04,1605,Franklin,3 102.10 THREATS 106.10 DIRECT ORDER 109.12 MOVEMENT VIO 3,3.0,64,,,,,,,
2022-08-04,1200,Gouverneur,3 102.10 THREATS 104.11 VIOLENT CONDUCT 106.10 DIRECT ORDER 3,3.0,4,,,,,,,
2022-08-04,1545,Great Meadow,3 114.10 SMUGGLING 106.10 DIRECT ORDER 116.13 VANDAL/STEALING 7,5.0,60,,,,,,,
,,,"Disciplinary Incidents Originally Resulting in a SHU sanction - August 2022 (Dismissals Excluded, Only Guilty Rule Violations Included) As of August 29, 2022",,,,,,,,,
Date,Time,Facility,TIER Guilty1 G1Label Guilty2 G2Label Guilty3 G3Label Total Infractions Total Guilty Infractions,,Original SHU Days,,,,,,,
2022-08-04,845,Green Haven,3 113.10 WEAPON 2,1.0,94,,,,,,,
2022-08-04,605,Greene,3 100.10 ASSAULT ON INCAR INDIV 104.11 VIOLENT CONDUCT 2,2.0,60,,,,,,,
2022-08-04,1755,Groveland,3 102.10 THREATS 104.11 VIOLENT CONDUCT 106.10 DIRECT ORDER 10,8.0,45,,,,,,,
2022-08-04,900,Mid-State,3 106.10 DIRECT ORDER 107.10 INTERFERENCE 6,2.0,8,,,,,,,
2022-08-04,1638,Mohawk,3 100.13 FIGHTING 102.10 THREATS 104.11 VIOLENT CONDUCT 7,7.0,60,,,,,,,
2022-08-04,1638,Mohawk,3 100.13 FIGHTING 102.10 THREATS 104.11 VIOLENT CONDUCT 9,6.0,45,,,,,,,
2022-08-04,1315,Otisville,3 100.10 ASSAULT ON INCAR INDIV 113.10 WEAPON 100.13 FIGHTING 5,5.0,124,,,,,,,
2022-08-04,930,Upstate,3 102.10 THREATS 106.10 DIRECT ORDER 107.10 INTERFERENCE 3,3.0,90,,,,,,,
2022-08-04,915,Upstate,3 106.10 DIRECT ORDER 107.10 INTERFERENCE 109.12 MOVEMENT VIO 4,3.0,30,,,,,,,
2022-08-04,1815,Washington,3 113.10 WEAPON 1,1.0,180,,,,,,,
2022-08-04,1010,Wende,3 102.10 THREATS 104.11 VIOLENT CONDUCT 107.11 HARASSMENT 3,3.0,180,,,,,,,
2022-08-04,804,Wende,3 100.13 FIGHTING 104.11 VIOLENT CONDUCT 106.10 DIRECT ORDER 3,3.0,48,,,,,,,
2022-08-04,804,Wende,3 100.13 FIGHTING 104.11 VIOLENT CONDUCT 106.10 DIRECT ORDER 3,3.0,33,,,,,,,
2022-08-04,804,Wende,3 100.13 FIGHTING 104.11 VIOLENT CONDUCT 106.10 DIRECT ORDER 3,3.0,28,,,,,,,
2022-08-04,1145,Wyoming,3 100.13 FIGHTING 104.11 VIOLENT CONDUCT 106.10 DIRECT ORDER 4,4.0,120,,,,,,,
2022-08-04,932,Wyoming,3 114.10 SMUGGLING 113.34 DRUG USE 180.10 FACIL VISITING 6,6.0,90,,,,,,,
2022-08-04,1145,Wyoming,3 100.13 FIGHTING 4,1.0,15,,,,,,,
2022-08-05,1740,Auburn,3 100.11 ASSAULT ON STAFF 104.11 VIOLENT CONDUCT 106.10 DIRECT ORDER 6,5.0,365,,,,,,,
2022-08-05,1055,Cayuga,3 114.10 SMUGGLING 113.23 CONTRABAND 113.22 PROP UNAUTH LOC 3,3.0,15,,,,,,,
2022-08-05,1710,Clinton,3 102.10 THREATS 104.13 CREATE DISTURB 107.11 HARASSMENT 3,3.0,120,,,,,,,
2022-08-05,1635,Coxsackie,3 102.10 THREATS 1,1.0,60,,,,,,,
2022-08-05,1835,Elmira,3 100.11 ASSAULT ON STAFF 104.11 VIOLENT CONDUCT 106.10 DIRECT ORDER 6,5.0,120,,,,,,,
2022-08-05,1226,Elmira,3 114.10 SMUGGLING 113.34 DRUG USE 180.10 FACIL VISITING 6,6.0,120,,,,,,,
2022-08-05,2020,Franklin,3 100.10 ASSAULT ON INCAR INDIV 1,1.0,95,,,,,,,
2022-08-05,735,Gouverneur,3 113.10 WEAPON 113.23 CONTRABAND 2,2.0,90,,,,,,,
2022-08-05,1630,Green Haven,3 113.10 WEAPON 100.13 FIGHTING 100.13 FIGHTING 9,9.0,133,,,,,,,
2022-08-05,1051,Green Haven,3 104.11 VIOLENT CONDUCT 106.10 DIRECT ORDER 107.10 INTERFERENCE 11,4.0,30,,,,,,,
2022-08-05,1628,Green Haven,3 113.10 WEAPON 100.13 FIGHTING 104.11 VIOLENT CONDUCT 7,6.0,101,,,,,,,
2022-08-05,1200,Greene,3 106.10 DIRECT ORDER 107.10 INTERFERENCE 109.12 MOVEMENT VIO 3,3.0,30,,,,,,,
2022-08-05,1440,Greene,3 100.13 FIGHTING 104.11 VIOLENT CONDUCT 104.13 CREATE DISTURB 3,3.0,60,,,,,,,
2022-08-05,1935,Greene,3 114.10 SMUGGLING 106.10 DIRECT ORDER 113.23 CONTRABAND 4,4.0,120,,,,,,,
2022-08-05,1440,Greene,3 100.13 FIGHTING 104.11 VIOLENT CONDUCT 106.10 DIRECT ORDER 4,4.0,130,,,,,,,
2022-08-05,845,Groveland,3 100.11 ASSAULT ON STAFF 118.22 UNHYGIENIC ACT 102.10 THREATS 6,6.0,270,,,,,,,
2022-08-05,1225,Lakeview,3 102.10 THREATS 107.11 HARASSMENT 2,2.0,365,,,,,,,
2022-08-05,1325,Marcy,3 104.11 VIOLENT CONDUCT 115.10 SEARCH/FRISK 106.10 DIRECT ORDER 4,4.0,30,,,,,,,
2022-08-05,2350,Marcy,3 113.10 WEAPON 113.23 CONTRABAND 2,2.0,185,,,,,,,
2022-08-05,900,Sing Sing,3 100.11 ASSAULT ON STAFF 106.10 DIRECT ORDER 104.13 CREATE DISTURB 3,3.0,44,,,,,,,
2022-08-05,1810,Ulster,3 100.13 FIGHTING 104.11 VIOLENT CONDUCT 2,2.0,13,,,,,,,
2022-08-05,1016,Upstate,3 100.13 FIGHTING 106.10 DIRECT ORDER 107.10 INTERFERENCE 4,3.0,13,,,,,,,
2022-08-05,1735,Upstate,3 100.13 FIGHTING 4,1.0,45,,,,,,,
2022-08-05,1735,Upstate,3 100.13 FIGHTING 106.10 DIRECT ORDER 100.15 DISORDERLY COND 4,3.0,45,,,,,,,
2022-08-05,2120,Upstate,3 100.10 ASSAULT ON INCAR INDIV 100.13 FIGHTING 104.11 VIOLENT CONDUCT 3,3.0,60,,,,,,,
2022-08-05,1145,Upstate,3 100.13 FIGHTING 104.11 VIOLENT CONDUCT 106.10 DIRECT ORDER 4,4.0,60,,,,,,,
2022-08-05,1145,Upstate,3 100.13 FIGHTING 104.11 VIOLENT CONDUCT 106.10 DIRECT ORDER 4,4.0,60,,,,,,,
2022-08-05,1503,Upstate,3 100.13 FIGHTING 104.11 VIOLENT CONDUCT 2,2.0,30,,,,,,,
2022-08-05,1016,Upstate,3 100.13 FIGHTING 104.11 VIOLENT CONDUCT 104.11 VIOLENT CONDUCT 7,7.0,75,,,,,,,
2022-08-05,910,Washington,3 104.11 VIOLENT CONDUCT 115.10 SEARCH/FRISK 106.10 DIRECT ORDER 5,5.0,30,,,,,,,
,,,"Disciplinary Incidents Originally Resulting in a SHU sanction - August 2022 (Dismissals Excluded, Only Guilty Rule Violations Included) As of August 29, 2022",,,,,,,,,
Date,Time,Facility,TIER Guilty1 G1Label Guilty2 G2Label Guilty3 G3Label Total Infractions Total Guilty Infractions,,Original SHU Days,,,,,,,
2022-08-05,1858,Washington,3 100.10 ASSAULT ON INCAR INDIV 113.10 WEAPON 100.13 FIGHTING 4,4.0,204,,,,,,,
2022-08-05,1858,Washington,3 100.10 ASSAULT ON INCAR INDIV 100.13 FIGHTING 104.11 VIOLENT CONDUCT 3,3.0,30,,,,,,,
2022-08-06,1236,Attica,3 101.10 SEX OFFENSE 180.10 FACIL VISITING 2,2.0,45,,,,,,,
2022-08-06,2025,Attica,3 113.10 WEAPON 1,1.0,179,,,,,,,
2022-08-06,2343,Cape Vincent,3 100.10 ASSAULT ON INCAR INDIV 100.11 ASSAULT ON STAFF 102.10 THREATS 5,5.0,90,,,,,,,
2022-08-06,710,Cayuga,3 102.10 THREATS 106.10 DIRECT ORDER 107.10 INTERFERENCE 4,4.0,30,,,,,,,
2022-08-06,1315,Cayuga,3 118.10 ARSON 104.13 CREATE DISTURB 112.22 OBSTRUCT VISIB 4,3.0,60,,,,,,,
2022-08-06,2300,Cayuga,3 106.10 DIRECT ORDER 107.10 INTERFERENCE 112.22 OBSTRUCT VISIB 4,4.0,45,,,,,,,
2022-08-06,1140,Collins,3 100.13 FIGHTING 106.10 DIRECT ORDER 107.10 INTERFERENCE 5,5.0,12,,,,,,,
2022-08-06,1725,Coxsackie,3 102.10 THREATS 1,1.0,120,,,,,,,
2022-08-06,1010,Eastern,3 113.10 WEAPON 113.23 CONTRABAND 181.10 HEARING DISP 4,4.0,270,,,,,,,
2022-08-06,1510,Fishkill,3 104.11 VIOLENT CONDUCT 106.10 DIRECT ORDER 6,2.0,120,,,,,,,
2022-08-06,715,Five Points,3 101.22 STALKING 102.10 THREATS 102.10 THREATS 7,7.0,60,,,,,,,
2022-08-06,1220,Great Meadow,3 100.13 FIGHTING 104.11 VIOLENT CONDUCT 106.10 DIRECT ORDER 4,4.0,90,,,,,,,
2022-08-06,1508,Great Meadow,3 118.10 ARSON 3,1.0,89,,,,,,,
2022-08-06,1540,Great Meadow,3 100.11 ASSAULT ON STAFF 102.10 THREATS 104.11 VIOLENT CONDUCT 7,5.0,120,,,,,,,
2022-08-06,1220,Great Meadow,3 100.13 FIGHTING 104.11 VIOLENT CONDUCT 104.13 CREATE DISTURB 4,3.0,30,,,,,,,
2022-08-06,2030,Groveland,3 113.10 WEAPON 114.10 SMUGGLING 113.23 CONTRABAND 4,4.0,270,,,,,,,
2022-08-06,1305,Woodbourne,3 101.10 SEX OFFENSE 101.20 LEWD CONDUCT 180.10 FACIL VISITING 5,5.0,92,,,,,,,
2022-08-06,1445,Woodbourne,3 102.10 THREATS 104.11 VIOLENT CONDUCT 107.10 INTERFERENCE 6,6.0,120,,,,,,,
2022-08-07,1925,Attica,3 100.11 ASSAULT ON STAFF 102.10 THREATS 104.11 VIOLENT CONDUCT 7,7.0,60,,,,,,,
2022-08-07,1020,Attica,3 100.13 FIGHTING 104.11 VIOLENT CONDUCT 106.10 DIRECT ORDER 5,5.0,29,,,,,,,
2022-08-07,1020,Attica,3 100.13 FIGHTING 104.11 VIOLENT CONDUCT 106.10 DIRECT ORDER 5,5.0,30,,,,,,,
2022-08-07,1144,Auburn,3 113.10 WEAPON 114.10 SMUGGLING 113.11 ALTERED ITEM 4,3.0,180,,,,,,,
2022-08-07,1515,Auburn,3 102.10 THREATS 107.11 HARASSMENT 2,2.0,10,,,,,,,
2022-08-07,1645,Cayuga,3 106.10 DIRECT ORDER 107.10 INTERFERENCE 116.10 LOSS/DAMAGE PROP 4,4.0,90,,,,,,,
2022-08-07,1650,Cayuga,3 106.10 DIRECT ORDER 107.10 INTERFERENCE 116.10 LOSS/DAMAGE PROP 6,6.0,30,,,,,,,
2022-08-07,845,Coxsackie,3 100.11 ASSAULT ON STAFF 113.10 WEAPON 104.11 VIOLENT CONDUCT 5,4.0,268,,,,,,,
2022-08-07,910,Coxsackie,3 118.22 UNHYGIENIC ACT 104.11 VIOLENT CONDUCT 104.11 VIOLENT CONDUCT 11,6.0,180,,,,,,,
2022-08-07,1955,Eastern,3 102.10 THREATS 106.10 DIRECT ORDER 107.10 INTERFERENCE 4,4.0,30,,,,,,,
2022-08-07,2300,Elmira,3 100.11 ASSAULT ON STAFF 118.10 ARSON 104.11 VIOLENT CONDUCT 6,5.0,180,,,,,,,
2022-08-07,1915,Fishkill,3 104.11 VIOLENT CONDUCT 106.10 DIRECT ORDER 2,2.0,30,,,,,,,
2022-08-07,2225,Gouverneur,3 100.11 ASSAULT ON STAFF 104.11 VIOLENT CONDUCT 106.10 DIRECT ORDER 6,6.0,188,,,,,,,
2022-08-07,840,Great Meadow,3 101.11 FORCIBLE TOUCHING 106.10 DIRECT ORDER 101.20 LEWD CONDUCT 4,4.0,120,,,,,,,
2022-08-07,2115,Great Meadow,3 100.13 FIGHTING 104.11 VIOLENT CONDUCT 106.10 DIRECT ORDER 5,4.0,60,,,,,,,
2022-08-07,1915,Great Meadow,3 101.22 STALKING 107.10 INTERFERENCE 107.11 HARASSMENT 4,3.0,90,,,,,,,
2022-08-07,1150,Great Meadow,3 100.11 ASSAULT ON STAFF 104.11 VIOLENT CONDUCT 114.10 SMUGGLING 11,8.0,178,,,,,,,
2022-08-07,2115,Great Meadow,3 100.13 FIGHTING 104.11 VIOLENT CONDUCT 106.10 DIRECT ORDER 5,4.0,30,,,,,,,
2022-08-07,1705,Greene,3 100.13 FIGHTING 104.11 VIOLENT CONDUCT 104.13 CREATE DISTURB 4,3.0,4,,,,,,,
2022-08-07,1705,Greene,3 100.13 FIGHTING 104.11 VIOLENT CONDUCT 104.13 CREATE DISTURB 4,3.0,15,,,,,,,
2022-08-07,1045,Greene,3 100.13 FIGHTING 104.11 VIOLENT CONDUCT 104.13 CREATE DISTURB 4,4.0,15,,,,,,,
2022-08-07,808,Greene,3 104.11 VIOLENT CONDUCT 106.10 DIRECT ORDER 104.13 CREATE DISTURB 4,3.0,30,,,,,,,
2022-08-07,1000,Marcy,3 118.22 UNHYGIENIC ACT 107.10 INTERFERENCE 104.13 CREATE DISTURB 3,3.0,180,,,,,,,
2022-08-07,1710,Mid-State,3 100.13 FIGHTING 104.11 VIOLENT CONDUCT 106.10 DIRECT ORDER 3,3.0,89,,,,,,,
2022-08-07,920,Ulster,3 102.10 THREATS 106.10 DIRECT ORDER 107.11 HARASSMENT 4,3.0,10,,,,,,,
2022-08-07,35,Washington,3 100.10 ASSAULT ON INCAR INDIV 104.11 VIOLENT CONDUCT 3,2.0,89,,,,,,,
2022-08-07,1510,Wende,3 104.11 VIOLENT CONDUCT 105.13 GANGS 106.10 DIRECT ORDER 6,4.0,90,,,,,,,
,,,"Disciplinary Incidents Originally Resulting in a SHU sanction - August 2022 (Dismissals Excluded, Only Guilty Rule Violations Included) As of August 29, 2022",,,,,,,,,
Date,Time,Facility,TIER Guilty1 G1Label Guilty2 G2Label Guilty3 G3Label Total Infractions Total Guilty Infractions,,Original SHU Days,,,,,,,
2022-08-07,1510,Wende,3 100.13 FIGHTING 104.11 VIOLENT CONDUCT 105.13 GANGS 6,6.0,100,,,,,,,
2022-08-07,1510,Wende,3 100.13 FIGHTING 104.11 VIOLENT CONDUCT 105.13 GANGS 6,6.0,80,,,,,,,
2022-08-08,1830,Auburn,3 100.10 ASSAULT ON INCAR INDIV 100.13 FIGHTING 104.11 VIOLENT CONDUCT 6,5.0,119,,,,,,,
2022-08-08,2000,Auburn,3 113.10 WEAPON 1,1.0,39,,,,,,,
2022-08-08,1830,Auburn,3 100.13 FIGHTING 104.11 VIOLENT CONDUCT 106.10 DIRECT ORDER 6,5.0,14,,,,,,,
2022-08-08,1615,Bedford Hills,3 100.13 FIGHTING 106.10 DIRECT ORDER 104.13 CREATE DISTURB 4,4.0,90,,,,,,,
2022-08-08,1540,Cape Vincent,3 114.10 SMUGGLING 113.23 CONTRABAND 2,2.0,60,,,,,,,
2022-08-08,912,Cape Vincent,3 102.10 THREATS 104.11 VIOLENT CONDUCT 106.10 DIRECT ORDER 5,5.0,30,,,,,,,
2022-08-08,1720,Cayuga,3 118.10 ARSON 107.10 INTERFERENCE 118.24 SAFETY VIOLATION 4,3.0,90,,,,,,,
2022-08-08,920,Clinton,3 113.10 WEAPON 113.11 ALTERED ITEM 3,2.0,455,,,,,,,
2022-08-08,1335,Clinton,3 118.22 UNHYGIENIC ACT 2,1.0,45,,,,,,,
2022-08-08,930,Clinton,3 104.11 VIOLENT CONDUCT 106.10 DIRECT ORDER 107.10 INTERFERENCE 4,4.0,60,,,,,,,
2022-08-08,1145,Clinton,3 100.13 FIGHTING 104.11 VIOLENT CONDUCT 106.10 DIRECT ORDER 4,4.0,75,,,,,,,
2022-08-08,1915,Eastern,3 113.10 WEAPON 100.13 FIGHTING 104.11 VIOLENT CONDUCT 5,4.0,270,,,,,,,
2022-08-08,1915,Eastern,3 100.10 ASSAULT ON INCAR INDIV 100.13 FIGHTING 104.11 VIOLENT CONDUCT 6,4.0,209,,,,,,,
2022-08-08,800,Elmira,3 100.13 FIGHTING 104.11 VIOLENT CONDUCT 106.10 DIRECT ORDER 4,4.0,62,,,,,,,
2022-08-08,1100,Elmira,3 100.10 ASSAULT ON INCAR INDIV 100.13 FIGHTING 104.11 VIOLENT CONDUCT 5,4.0,30,,,,,,,
2022-08-08,1100,Elmira,3 100.10 ASSAULT ON INCAR INDIV 100.13 FIGHTING 104.11 VIOLENT CONDUCT 5,5.0,45,,,,,,,
2022-08-08,1100,Elmira,3 100.10 ASSAULT ON INCAR INDIV 100.13 FIGHTING 104.11 VIOLENT CONDUCT 5,5.0,5,,,,,,,
2022-08-08,1100,Elmira,3 100.10 ASSAULT ON INCAR INDIV 113.10 WEAPON 100.13 FIGHTING 7,6.0,202,,,,,,,
2022-08-08,1600,Elmira,3 113.10 WEAPON 100.13 FIGHTING 104.11 VIOLENT CONDUCT 5,5.0,150,,,,,,,
2022-08-08,1100,Elmira,3 100.10 ASSAULT ON INCAR INDIV 100.13 FIGHTING 104.11 VIOLENT CONDUCT 5,5.0,60,,,,,,,
2022-08-08,1100,Elmira,3 100.10 ASSAULT ON INCAR INDIV 100.13 FIGHTING 104.11 VIOLENT CONDUCT 5,4.0,21,,,,,,,
2022-08-08,1100,Elmira,3 100.10 ASSAULT ON INCAR INDIV 100.13 FIGHTING 104.11 VIOLENT CONDUCT 5,5.0,25,,,,,,,
2022-08-08,1050,Elmira,3 100.13 FIGHTING 104.11 VIOLENT CONDUCT 104.13 CREATE DISTURB 5,3.0,4,,,,,,,
2022-08-08,1100,Elmira,3 100.10 ASSAULT ON INCAR INDIV 100.13 FIGHTING 104.11 VIOLENT CONDUCT 5,4.0,15,,,,,,,
2022-08-08,1050,Elmira,3 100.13 FIGHTING 104.11 VIOLENT CONDUCT 104.13 CREATE DISTURB 4,3.0,30,,,,,,,
2022-08-08,1100,Elmira,3 100.10 ASSAULT ON INCAR INDIV 100.13 FIGHTING 104.11 VIOLENT CONDUCT 5,5.0,30,,,,,,,
2022-08-08,1810,Fishkill,3 100.11 ASSAULT ON STAFF 3,1.0,90,,,,,,,
2022-08-08,1930,Five Points,3 102.10 THREATS 106.10 DIRECT ORDER 107.11 HARASSMENT 6,3.0,30,,,,,,,
2022-08-08,1420,Franklin,3 102.10 THREATS 103.10 BRIBERY/EXTORTION 2,2.0,208,,,,,,,
2022-08-08,1048,Franklin,3 100.11 ASSAULT ON STAFF 102.10 THREATS 104.11 VIOLENT CONDUCT 12,12.0,119,,,,,,,
2022-08-08,1645,Gouverneur,3 102.10 THREATS 104.11 VIOLENT CONDUCT 107.11 HARASSMENT 3,3.0,90,,,,,,,
2022-08-08,1600,Great Meadow,3 106.10 DIRECT ORDER 116.13 VANDAL/STEALING 113.23 CONTRABAND 6,3.0,60,,,,,,,
2022-08-08,1655,Great Meadow,3 100.11 ASSAULT ON STAFF 118.22 UNHYGIENIC ACT 2,2.0,364,,,,,,,
2022-08-08,2025,Green Haven,3 100.10 ASSAULT ON INCAR INDIV 100.13 FIGHTING 104.11 VIOLENT CONDUCT 3,3.0,8,,,,,,,
2022-08-08,1540,Greene,3 100.13 FIGHTING 1,1.0,45,,,,,,,
2022-08-08,1230,Greene,3 101.20 LEWD CONDUCT 1,1.0,30,,,,,,,
2022-08-08,930,Marcy,3 100.11 ASSAULT ON STAFF 104.11 VIOLENT CONDUCT 106.10 DIRECT ORDER 4,4.0,70,,,,,,,
2022-08-08,956,Sing Sing,3 100.10 ASSAULT ON INCAR INDIV 104.11 VIOLENT CONDUCT 107.10 INTERFERENCE 4,4.0,210,,,,,,,
2022-08-08,1145,Ulster,3 113.10 WEAPON 114.10 SMUGGLING 113.11 ALTERED ITEM 3,3.0,90,,,,,,,
2022-08-08,1240,Upstate,3 106.10 DIRECT ORDER 107.10 INTERFERENCE 113.23 CONTRABAND 3,3.0,60,,,,,,,
2022-08-08,1543,Upstate,3 100.13 FIGHTING 104.11 VIOLENT CONDUCT 106.10 DIRECT ORDER 3,3.0,60,,,,,,,
2022-08-08,1155,Upstate,3 102.10 THREATS 104.11 VIOLENT CONDUCT 106.10 DIRECT ORDER 5,5.0,180,,,,,,,
2022-08-08,1305,Wende,3 100.13 FIGHTING 104.11 VIOLENT CONDUCT 106.10 DIRECT ORDER 4,4.0,45,,,,,,,
2022-08-08,1305,Wende,3 100.13 FIGHTING 104.11 VIOLENT CONDUCT 105.13 GANGS 6,6.0,90,,,,,,,
2022-08-08,1300,Wende,3 104.11 VIOLENT CONDUCT 104.13 CREATE DISTURB 2,2.0,32,,,,,,,
,,,"Disciplinary Incidents Originally Resulting in a SHU sanction - August 2022 (Dismissals Excluded, Only Guilty Rule Violations Included) As of August 29, 2022",,,,,,,,,
Date,Time,Facility,TIER Guilty1 G1Label Guilty2 G2Label Guilty3 G3Label Total Infractions Total Guilty Infractions,,Original SHU Days,,,,,,,
2022-08-09,1110,Attica,3 113.10 WEAPON 1,1.0,89,,,,,,,
2022-08-09,1825,Auburn,3 113.10 WEAPON 114.10 SMUGGLING 113.11 ALTERED ITEM 3,3.0,365,,,,,,,
2022-08-09,1140,Auburn,3 100.13 FIGHTING 104.11 VIOLENT CONDUCT 106.10 DIRECT ORDER 4,4.0,120,,,,,,,
2022-08-09,1210,Auburn,3 100.11 ASSAULT ON STAFF 106.10 DIRECT ORDER 107.10 INTERFERENCE 4,4.0,67,,,,,,,
2022-08-09,1140,Auburn,3 100.13 FIGHTING 104.11 VIOLENT CONDUCT 106.10 DIRECT ORDER 4,4.0,90,,,,,,,
2022-08-09,1630,Auburn,3 113.10 WEAPON 114.10 SMUGGLING 113.11 ALTERED ITEM 3,3.0,168,,,,,,,
2022-08-09,1140,Auburn,3 100.13 FIGHTING 104.11 VIOLENT CONDUCT 106.10 DIRECT ORDER 4,4.0,47,,,,,,,
2022-08-09,1140,Auburn,3 100.13 FIGHTING 104.11 VIOLENT CONDUCT 106.10 DIRECT ORDER 4,4.0,30,,,,,,,
2022-08-09,2330,Cayuga,3 106.10 DIRECT ORDER 107.10 INTERFERENCE 112.20 DELAY COUNT 5,4.0,45,,,,,,,
2022-08-09,930,Cayuga,3 102.10 THREATS 104.11 VIOLENT CONDUCT 115.10 SEARCH/FRISK 6,6.0,15,,,,,,,
2022-08-09,1915,Clinton,3 100.13 FIGHTING 104.11 VIOLENT CONDUCT 106.10 DIRECT ORDER 4,4.0,90,,,,,,,
2022-08-09,1915,Clinton,3 100.13 FIGHTING 106.10 DIRECT ORDER 104.13 CREATE DISTURB 4,3.0,90,,,,,,,
2022-08-09,1100,Clinton,3 102.10 THREATS 1,1.0,300,,,,,,,
2022-08-09,1915,Clinton,3 100.10 ASSAULT ON INCAR INDIV 113.10 WEAPON 100.13 FIGHTING 6,6.0,120,,,,,,,
2022-08-09,1915,Clinton,3 100.13 FIGHTING 104.11 VIOLENT CONDUCT 106.10 DIRECT ORDER 4,4.0,90,,,,,,,
2022-08-09,1915,Clinton,3 100.13 FIGHTING 104.11 VIOLENT CONDUCT 104.13 CREATE DISTURB 3,3.0,30,,,,,,,
2022-08-09,1131,Clinton,3 102.10 THREATS 103.10 BRIBERY/EXTORTION 2,2.0,44,,,,,,,
2022-08-09,1320,Clinton,3 113.10 WEAPON 1,1.0,129,,,,,,,
2022-08-09,25,Elmira,3 100.11 ASSAULT ON STAFF 104.11 VIOLENT CONDUCT 104.13 CREATE DISTURB 3,3.0,60,,,,,,,
2022-08-09,1310,Elmira,3 100.13 FIGHTING 104.11 VIOLENT CONDUCT 106.10 DIRECT ORDER 4,4.0,30,,,,,,,
2022-08-09,1010,Elmira,3 118.10 ARSON 104.13 CREATE DISTURB 116.10 LOSS/DAMAGE PROP 3,3.0,90,,,,,,,
2022-08-09,2100,Fishkill,3 113.10 WEAPON 100.13 FIGHTING 3,2.0,29,,,,,,,
2022-08-09,1730,Five Points,3 100.10 ASSAULT ON INCAR INDIV 100.13 FIGHTING 104.11 VIOLENT CONDUCT 6,5.0,120,,,,,,,
2022-08-09,1730,Five Points,3 100.10 ASSAULT ON INCAR INDIV 113.10 WEAPON 100.13 FIGHTING 7,6.0,210,,,,,,,
2022-08-09,2300,Franklin,3 100.10 ASSAULT ON INCAR INDIV 113.10 WEAPON 104.11 VIOLENT CONDUCT 3,3.0,176,,,,,,,
2022-08-09,735,Gouverneur,3 113.10 WEAPON 113.23 CONTRABAND 113.11 ALTERED ITEM 3,3.0,90,,,,,,,
2022-08-09,725,Gouverneur,3 104.11 VIOLENT CONDUCT 115.10 SEARCH/FRISK 106.10 DIRECT ORDER 5,3.0,39,,,,,,,
2022-08-09,755,Gouverneur,3 113.10 WEAPON 113.23 CONTRABAND 113.11 ALTERED ITEM 3,3.0,45,,,,,,,
2022-08-09,950,Great Meadow,3 100.10 ASSAULT ON INCAR INDIV 113.10 WEAPON 104.11 VIOLENT CONDUCT 5,5.0,210,,,,,,,
2022-08-09,1435,Great Meadow,3 118.22 UNHYGIENIC ACT 106.10 DIRECT ORDER 4,2.0,60,,,,,,,
2022-08-09,747,Great Meadow,3 102.10 THREATS 106.10 DIRECT ORDER 107.10 INTERFERENCE 5,4.0,30,,,,,,,
2022-08-09,1025,Great Meadow,3 100.10 ASSAULT ON INCAR INDIV 113.10 WEAPON 104.11 VIOLENT CONDUCT 5,5.0,375,,,,,,,
2022-08-09,1200,Green Haven,3 100.11 ASSAULT ON STAFF 104.11 VIOLENT CONDUCT 107.10 INTERFERENCE 4,4.0,70,,,,,,,
2022-08-09,1900,Greene,3 106.10 DIRECT ORDER 107.10 INTERFERENCE 2,2.0,7,,,,,,,
2022-08-09,957,Greene,3 102.10 THREATS 106.10 DIRECT ORDER 109.12 MOVEMENT VIO 3,3.0,30,,,,,,,
2022-08-09,1930,Greene,3 106.10 DIRECT ORDER 101.20 LEWD CONDUCT 2,2.0,30,,,,,,,
2022-08-09,1300,Greene,3 100.13 FIGHTING 104.11 VIOLENT CONDUCT 105.13 GANGS 4,4.0,30,,,,,,,
2022-08-09,730,Groveland,3 102.10 THREATS 104.11 VIOLENT CONDUCT 107.11 HARASSMENT 4,3.0,33,,,,,,,
2022-08-09,1850,Groveland,3 106.10 DIRECT ORDER 107.10 INTERFERENCE 109.12 MOVEMENT VIO 3,3.0,60,,,,,,,
2022-08-09,1930,Groveland,3 106.10 DIRECT ORDER 107.10 INTERFERENCE 109.12 MOVEMENT VIO 3,3.0,15,,,,,,,
2022-08-09,1534,Marcy,3 104.11 VIOLENT CONDUCT 106.10 DIRECT ORDER 104.13 CREATE DISTURB 3,3.0,120,,,,,,,
2022-08-09,1045,Marcy,3 104.11 VIOLENT CONDUCT 107.10 INTERFERENCE 104.13 CREATE DISTURB 5,3.0,90,,,,,,,
2022-08-09,1303,Mohawk,3 100.10 ASSAULT ON INCAR INDIV 113.10 WEAPON 100.13 FIGHTING 4,4.0,270,,,,,,,
2022-08-09,1745,Ulster,3 104.11 VIOLENT CONDUCT 106.10 DIRECT ORDER 3,2.0,30,,,,,,,
2022-08-09,1935,Ulster,3 113.23 CONTRABAND 3,1.0,15,,,,,,,
2022-08-09,1230,Upstate,3 114.10 SMUGGLING 116.10 LOSS/DAMAGE PROP 2,2.0,90,,,,,,,
2022-08-09,1220,Upstate,3 113.10 WEAPON 114.10 SMUGGLING 2,2.0,210,,,,,,,
,,,"Disciplinary Incidents Originally Resulting in a SHU sanction - August 2022 (Dismissals Excluded, Only Guilty Rule Violations Included) As of August 29, 2022",,,,,,,,,
Date,Time,Facility,TIER Guilty1 G1Label Guilty2 G2Label Guilty3 G3Label Total Infractions Total Guilty Infractions,,Original SHU Days,,,,,,,
2022-08-09,1537,Upstate,3 100.13 FIGHTING 104.11 VIOLENT CONDUCT 106.10 DIRECT ORDER 4,4.0,30,,,,,,,
2022-08-09,1537,Upstate,3 100.13 FIGHTING 104.11 VIOLENT CONDUCT 106.10 DIRECT ORDER 4,4.0,30,,,,,,,
2022-08-09,800,Upstate,3 100.13 FIGHTING 106.10 DIRECT ORDER 107.10 INTERFERENCE 3,3.0,60,,,,,,,
2022-08-09,2255,Washington,3 100.13 FIGHTING 100.13 FIGHTING 104.11 VIOLENT CONDUCT 8,8.0,59,,,,,,,
2022-08-09,1000,Wende,3 114.10 SMUGGLING 113.34 DRUG USE 180.11 FACIL CORRESPOND 5,5.0,45,,,,,,,
2022-08-09,2240,Wyoming,3 100.11 ASSAULT ON STAFF 104.11 VIOLENT CONDUCT 106.10 DIRECT ORDER 4,4.0,119,,,,,,,
2022-08-09,1355,Wyoming,3 100.11 ASSAULT ON STAFF 106.10 DIRECT ORDER 107.10 INTERFERENCE 4,4.0,90,,,,,,,
2022-08-10,2100,Attica,3 113.10 WEAPON 113.23 CONTRABAND 2,2.0,103,,,,,,,
2022-08-10,743,Auburn,3 102.10 THREATS 104.11 VIOLENT CONDUCT 104.12 DEMONSTRATION 6,6.0,120,,,,,,,
2022-08-10,743,Auburn,3 104.11 VIOLENT CONDUCT 104.12 DEMONSTRATION 106.10 DIRECT ORDER 6,5.0,365,,,,,,,
2022-08-10,743,Auburn,3 102.10 THREATS 104.11 VIOLENT CONDUCT 104.12 DEMONSTRATION 6,6.0,364,,,,,,,
2022-08-10,743,Auburn,3 102.10 THREATS 104.11 VIOLENT CONDUCT 104.12 DEMONSTRATION 6,6.0,230,,,,,,,
2022-08-10,743,Auburn,3 100.11 ASSAULT ON STAFF 113.10 WEAPON 104.11 VIOLENT CONDUCT 8,6.0,730,,,,,,,
2022-08-10,745,Auburn,3 106.10 DIRECT ORDER 107.10 INTERFERENCE 4,2.0,60,,,,,,,
2022-08-10,743,Auburn,3 100.11 ASSAULT ON STAFF 113.10 WEAPON 104.11 VIOLENT CONDUCT 8,7.0,1441,,,,,,,
2022-08-10,743,Auburn,3 104.11 VIOLENT CONDUCT 104.12 DEMONSTRATION 106.10 DIRECT ORDER 6,5.0,270,,,,,,,
2022-08-10,743,Auburn,3 104.11 VIOLENT CONDUCT 104.12 DEMONSTRATION 106.10 DIRECT ORDER 6,5.0,270,,,,,,,
2022-08-10,743,Auburn,3 102.10 THREATS 104.11 VIOLENT CONDUCT 104.12 DEMONSTRATION 6,6.0,230,,,,,,,
2022-08-10,743,Auburn,3 102.10 THREATS 104.11 VIOLENT CONDUCT 104.12 DEMONSTRATION 6,6.0,285,,,,,,,
2022-08-10,1530,Auburn,3 102.10 THREATS 116.10 LOSS/DAMAGE PROP 113.11 ALTERED ITEM 5,3.0,60,,,,,,,
2022-08-10,743,Auburn,3 100.11 ASSAULT ON STAFF 104.11 VIOLENT CONDUCT 104.12 DEMONSTRATION 7,6.0,180,,,,,,,
2022-08-10,743,Auburn,3 102.10 THREATS 104.11 VIOLENT CONDUCT 104.12 DEMONSTRATION 6,6.0,120,,,,,,,
2022-08-10,743,Auburn,3 102.10 THREATS 104.11 VIOLENT CONDUCT 104.12 DEMONSTRATION 6,6.0,180,,,,,,,
2022-08-10,743,Auburn,3 102.10 THREATS 104.11 VIOLENT CONDUCT 104.12 DEMONSTRATION 6,6.0,210,,,,,,,
2022-08-10,743,Auburn,3 104.12 DEMONSTRATION 106.10 DIRECT ORDER 107.10 INTERFERENCE 6,4.0,90,,,,,,,
2022-08-10,830,Auburn,3 113.23 CONTRABAND 113.16 UNAUTH VALUABLE 2,2.0,15,,,,,,,
2022-08-10,743,Auburn,3 104.12 DEMONSTRATION 106.10 DIRECT ORDER 104.13 CREATE DISTURB 6,3.0,90,,,,,,,
2022-08-10,905,Clinton,3 104.11 VIOLENT CONDUCT 106.10 DIRECT ORDER 107.10 INTERFERENCE 6,6.0,109,,,,,,,
2022-08-10,1405,Clinton,3 104.11 VIOLENT CONDUCT 115.10 SEARCH/FRISK 106.10 DIRECT ORDER 4,3.0,120,,,,,,,
2022-08-10,1714,Elmira,3 100.11 ASSAULT ON STAFF 100.11 ASSAULT ON STAFF 118.22 UNHYGIENIC ACT 8,8.0,90,,,,,,,
2022-08-10,920,Five Points,3 113.10 WEAPON 114.10 SMUGGLING 3,2.0,180,,,,,,,
2022-08-10,1405,Franklin,3 102.10 THREATS 1,1.0,47,,,,,,,
2022-08-10,1850,Great Meadow,3 102.10 THREATS 104.11 VIOLENT CONDUCT 106.10 DIRECT ORDER 6,4.0,44,,,,,,,
2022-08-10,1205,Green Haven,3 102.10 THREATS 104.11 VIOLENT CONDUCT 106.10 DIRECT ORDER 10,7.0,9,,,,,,,
2022-08-10,1509,Green Haven,3 100.11 ASSAULT ON STAFF 113.10 WEAPON 104.11 VIOLENT CONDUCT 6,6.0,365,,,,,,,
2022-08-10,130,Greene,3 114.10 SMUGGLING 113.23 CONTRABAND 113.31 ALCOLHOL USE 3,3.0,90,,,,,,,
2022-08-10,1850,Greene,3 100.10 ASSAULT ON INCAR INDIV 113.10 WEAPON 104.11 VIOLENT CONDUCT 4,4.0,150,,,,,,,
2022-08-10,1700,Groveland,3 106.10 DIRECT ORDER 107.10 INTERFERENCE 109.12 MOVEMENT VIO 3,3.0,15,,,,,,,
2022-08-10,1250,Marcy,3 100.13 FIGHTING 104.11 VIOLENT CONDUCT 106.10 DIRECT ORDER 4,4.0,100,,,,,,,
2022-08-10,1250,Marcy,3 100.13 FIGHTING 104.11 VIOLENT CONDUCT 106.10 DIRECT ORDER 4,4.0,120,,,,,,,
2022-08-10,1509,Mid-State,3 104.11 VIOLENT CONDUCT 106.10 DIRECT ORDER 104.13 CREATE DISTURB 3,3.0,60,,,,,,,
2022-08-10,800,Mohawk,3 113.10 WEAPON 113.23 CONTRABAND 2,2.0,92,,,,,,,
2022-08-10,830,Mohawk,3 102.10 THREATS 107.11 HARASSMENT 2,2.0,30,,,,,,,
2022-08-10,710,Mohawk,3 114.10 SMUGGLING 115.10 SEARCH/FRISK 113.23 CONTRABAND 3,3.0,90,,,,,,,
2022-08-10,1140,Upstate,3 100.13 FIGHTING 104.11 VIOLENT CONDUCT 107.10 INTERFERENCE 4,3.0,60,,,,,,,
2022-08-10,1500,Upstate,3 104.11 VIOLENT CONDUCT 106.10 DIRECT ORDER 107.10 INTERFERENCE 3,3.0,60,,,,,,,
2022-08-10,1140,Upstate,3 100.13 FIGHTING 104.11 VIOLENT CONDUCT 106.10 DIRECT ORDER 4,4.0,60,,,,,,,
,,,"Disciplinary Incidents Originally Resulting in a SHU sanction - August 2022 (Dismissals Excluded, Only Guilty Rule Violations Included) As of August 29, 2022",,,,,,,,,
Date,Time,Facility,TIER Guilty1 G1Label Guilty2 G2Label Guilty3 G3Label Total Infractions Total Guilty Infractions,,Original SHU Days,,,,,,,
2022-08-10,905,Upstate,3 104.11 VIOLENT CONDUCT 106.10 DIRECT ORDER 109.12 MOVEMENT VIO 3,3.0,60,,,,,,,
2022-08-10,1200,Upstate,3 102.10 THREATS 104.11 VIOLENT CONDUCT 107.11 HARASSMENT 3,3.0,365,,,,,,,
2022-08-10,1900,Washington,3 113.10 WEAPON 113.11 ALTERED ITEM 2,2.0,90,,,,,,,
2022-08-10,945,Wende,3 102.10 THREATS 106.10 DIRECT ORDER 104.13 CREATE DISTURB 4,4.0,62,,,,,,,
2022-08-10,935,Wende,3 102.10 THREATS 106.10 DIRECT ORDER 107.10 INTERFERENCE 4,4.0,95,,,,,,,
2022-08-10,1215,Wende,3 100.11 ASSAULT ON STAFF 106.10 DIRECT ORDER 107.11 HARASSMENT 3,3.0,45,,,,,,,
2022-08-10,900,Woodbourne,3 102.10 THREATS 103.10 BRIBERY/EXTORTION 104.11 VIOLENT CONDUCT 4,4.0,60,,,,,,,
2022-08-11,1145,Attica,3 113.10 WEAPON 1,1.0,89,,,,,,,
2022-08-11,1517,Attica,3 106.10 DIRECT ORDER 107.10 INTERFERENCE 181.10 HEARING DISP 5,5.0,29,,,,,,,
2022-08-11,830,Auburn,3 102.10 THREATS 104.11 VIOLENT CONDUCT 106.10 DIRECT ORDER 6,6.0,90,,,,,,,
2022-08-11,1200,Auburn,3 118.10 ARSON 118.22 UNHYGIENIC ACT 107.10 INTERFERENCE 5,5.0,60,,,,,,,
2022-08-11,1945,Auburn,3 104.11 VIOLENT CONDUCT 115.10 SEARCH/FRISK 106.10 DIRECT ORDER 5,5.0,29,,,,,,,
2022-08-11,1845,Cayuga,3 100.11 ASSAULT ON STAFF 102.10 THREATS 104.11 VIOLENT CONDUCT 5,5.0,120,,,,,,,
2022-08-11,2050,Clinton,3 100.10 ASSAULT ON INCAR INDIV 100.13 FIGHTING 104.11 VIOLENT CONDUCT 5,5.0,150,,,,,,,
2022-08-11,2052,Clinton,3 113.10 WEAPON 113.11 ALTERED ITEM 2,2.0,730,,,,,,,
2022-08-11,2050,Clinton,3 100.13 FIGHTING 104.11 VIOLENT CONDUCT 106.10 DIRECT ORDER 4,4.0,90,,,,,,,
2022-08-11,1530,Clinton,3 100.13 FIGHTING 106.10 DIRECT ORDER 104.13 CREATE DISTURB 3,3.0,90,,,,,,,
2022-08-11,2050,Clinton,3 100.13 FIGHTING 104.11 VIOLENT CONDUCT 106.10 DIRECT ORDER 4,4.0,120,,,,,,,
2022-08-11,1130,Clinton,3 104.11 VIOLENT CONDUCT 115.10 SEARCH/FRISK 106.10 DIRECT ORDER 7,5.0,120,,,,,,,
2022-08-11,1530,Clinton,3 100.13 FIGHTING 104.13 CREATE DISTURB 4,2.0,64,,,,,,,
2022-08-11,1615,Clinton,3 100.11 ASSAULT ON STAFF 118.22 UNHYGIENIC ACT 2,2.0,270,,,,,,,
2022-08-11,1710,Clinton,3 100.11 ASSAULT ON STAFF 118.22 UNHYGIENIC ACT 104.11 VIOLENT CONDUCT 6,5.0,365,,,,,,,
2022-08-11,2050,Clinton,3 100.13 FIGHTING 104.11 VIOLENT CONDUCT 106.10 DIRECT ORDER 4,4.0,60,,,,,,,
2022-08-11,1900,Collins,3 100.13 FIGHTING 104.11 VIOLENT CONDUCT 104.13 CREATE DISTURB 3,3.0,30,,,,,,,
2022-08-11,1300,Collins,3 100.11 ASSAULT ON STAFF 104.11 VIOLENT CONDUCT 3,2.0,60,,,,,,,
2022-08-11,1900,Collins,3 100.13 FIGHTING 104.11 VIOLENT CONDUCT 104.13 CREATE DISTURB 3,3.0,30,,,,,,,
2022-08-11,1145,Collins,3 102.10 THREATS 106.10 DIRECT ORDER 107.10 INTERFERENCE 4,4.0,4,,,,,,,
2022-08-11,2012,Coxsackie,3 102.10 THREATS 107.10 INTERFERENCE 2,2.0,90,,,,,,,
2022-08-11,2145,Eastern,3 102.10 THREATS 106.10 DIRECT ORDER 107.10 INTERFERENCE 6,6.0,4,,,,,,,
2022-08-11,700,Five Points,3 101.22 STALKING 107.10 INTERFERENCE 104.13 CREATE DISTURB 5,5.0,30,,,,,,,
2022-08-11,1210,Five Points,3 100.13 FIGHTING 104.11 VIOLENT CONDUCT 106.10 DIRECT ORDER 4,4.0,120,,,,,,,
2022-08-11,1210,Five Points,3 100.13 FIGHTING 104.11 VIOLENT CONDUCT 106.10 DIRECT ORDER 4,4.0,8,,,,,,,
2022-08-11,1645,Gouverneur,3 113.10 WEAPON 113.23 CONTRABAND 2,2.0,124,,,,,,,
2022-08-11,1920,Great Meadow,3 104.11 VIOLENT CONDUCT 106.10 DIRECT ORDER 107.10 INTERFERENCE 7,3.0,60,,,,,,,
2022-08-11,2135,Great Meadow,3 100.13 FIGHTING 104.11 VIOLENT CONDUCT 106.10 DIRECT ORDER 4,4.0,120,,,,,,,
2022-08-11,945,Great Meadow,3 104.11 VIOLENT CONDUCT 106.10 DIRECT ORDER 107.11 HARASSMENT 6,4.0,30,,,,,,,
2022-08-11,1338,Greene,3 100.13 FIGHTING 104.11 VIOLENT CONDUCT 105.13 GANGS 5,5.0,60,,,,,,,
2022-08-11,1315,Groveland,3 105.13 GANGS 114.10 SMUGGLING 113.34 DRUG USE 4,4.0,60,,,,,,,
2022-08-11,1310,Marcy,3 113.10 WEAPON 114.10 SMUGGLING 113.23 CONTRABAND 3,3.0,240,,,,,,,
2022-08-11,1521,Marcy,3 104.11 VIOLENT CONDUCT 1,1.0,30,,,,,,,
2022-08-11,1335,Mohawk,3 102.10 THREATS 104.11 VIOLENT CONDUCT 2,2.0,90,,,,,,,
2022-08-11,1420,Orleans,3 114.10 SMUGGLING 113.23 CONTRABAND 2,2.0,60,,,,,,,
2022-08-11,751,Riverview,3 100.10 ASSAULT ON INCAR INDIV 113.10 WEAPON 100.13 FIGHTING 6,5.0,180,,,,,,,
2022-08-11,750,Riverview,3 100.10 ASSAULT ON INCAR INDIV 104.11 VIOLENT CONDUCT 104.13 CREATE DISTURB 3,3.0,94,,,,,,,
2022-08-11,751,Riverview,3 100.10 ASSAULT ON INCAR INDIV 100.13 FIGHTING 104.11 VIOLENT CONDUCT 6,4.0,90,,,,,,,
2022-08-11,750,Riverview,3 100.10 ASSAULT ON INCAR INDIV 104.11 VIOLENT CONDUCT 104.13 CREATE DISTURB 3,3.0,39,,,,,,,
2022-08-11,755,Sing Sing,3 114.10 SMUGGLING 113.23 CONTRABAND 109.10 OUT OF PLACE 4,3.0,120,,,,,,,
,,,"Disciplinary Incidents Originally Resulting in a SHU sanction - August 2022 (Dismissals Excluded, Only Guilty Rule Violations Included) As of August 29, 2022",,,,,,,,,
Date,Time,Facility,TIER Guilty1 G1Label Guilty2 G2Label Guilty3 G3Label Total Infractions Total Guilty Infractions,,Original SHU Days,,,,,,,
2022-08-11,2200,Sullivan,3 106.10 DIRECT ORDER 101.20 LEWD CONDUCT 107.10 INTERFERENCE 5,5.0,60,,,,,,,
2022-08-11,1655,Ulster,3 114.10 SMUGGLING 113.23 CONTRABAND 2,2.0,15,,,,,,,
2022-08-11,2215,Wallkill,3 104.11 VIOLENT CONDUCT 114.10 SMUGGLING 107.10 INTERFERENCE 7,5.0,124,,,,,,,
2022-08-11,2215,Wallkill,3 114.10 SMUGGLING 106.10 DIRECT ORDER 113.23 CONTRABAND 6,4.0,124,,,,,,,
2022-08-11,1030,Wende,3 113.10 WEAPON 105.13 GANGS 113.23 CONTRABAND 5,5.0,120,,,,,,,
2022-08-12,1345,Attica,3 115.10 SEARCH/FRISK 106.10 DIRECT ORDER 106.10 DIRECT ORDER 8,8.0,44,,,,,,,
2022-08-12,1725,Auburn,3 113.10 WEAPON 113.11 ALTERED ITEM 2,2.0,120,,,,,,,
2022-08-12,740,Auburn,3 100.11 ASSAULT ON STAFF 104.11 VIOLENT CONDUCT 104.12 DEMONSTRATION 8,8.0,212,,,,,,,
2022-08-12,1315,Bedford Hills,3 106.10 DIRECT ORDER 107.10 INTERFERENCE 104.13 CREATE DISTURB 4,3.0,90,,,,,,,
2022-08-12,1530,Clinton,3 100.13 FIGHTING 104.11 VIOLENT CONDUCT 106.10 DIRECT ORDER 4,4.0,15,,,,,,,
2022-08-12,1035,Clinton,3 104.11 VIOLENT CONDUCT 107.10 INTERFERENCE 104.13 CREATE DISTURB 4,3.0,79,,,,,,,
2022-08-12,1530,Clinton,3 100.10 ASSAULT ON INCAR INDIV 113.10 WEAPON 100.13 FIGHTING 7,7.0,118,,,,,,,
2022-08-12,2235,Collins,3 106.10 DIRECT ORDER 107.10 INTERFERENCE 109.12 MOVEMENT VIO 3,3.0,15,,,,,,,
2022-08-12,830,Collins,3 102.10 THREATS 115.10 SEARCH/FRISK 106.10 DIRECT ORDER 4,4.0,30,,,,,,,
2022-08-12,945,Collins,3 100.11 ASSAULT ON STAFF 113.10 WEAPON 104.11 VIOLENT CONDUCT 4,4.0,120,,,,,,,
2022-08-12,1710,Coxsackie,3 113.10 WEAPON 113.23 CONTRABAND 2,2.0,120,,,,,,,
2022-08-12,1520,Elmira,3 113.10 WEAPON 113.23 CONTRABAND 3,2.0,270,,,,,,,
2022-08-12,115,Fishkill,3 100.11 ASSAULT ON STAFF 104.11 VIOLENT CONDUCT 115.10 SEARCH/FRISK 4,4.0,90,,,,,,,
2022-08-12,1815,Franklin,3 102.10 THREATS 104.13 CREATE DISTURB 2,2.0,51,,,,,,,
2022-08-12,1450,Gouverneur,3 102.10 THREATS 104.11 VIOLENT CONDUCT 106.10 DIRECT ORDER 4,4.0,60,,,,,,,
2022-08-12,1115,Gouverneur,3 102.10 THREATS 104.11 VIOLENT CONDUCT 106.10 DIRECT ORDER 3,3.0,90,,,,,,,
2022-08-12,2246,Gouverneur,3 100.13 FIGHTING 104.11 VIOLENT CONDUCT 104.13 CREATE DISTURB 3,3.0,45,,,,,,,
2022-08-12,1210,Great Meadow,3 100.13 FIGHTING 104.11 VIOLENT CONDUCT 106.10 DIRECT ORDER 7,7.0,30,,,,,,,
2022-08-12,1210,Green Haven,3 113.10 WEAPON 3,1.0,120,,,,,,,
2022-08-12,1020,Green Haven,3 113.10 WEAPON 113.10 WEAPON 113.10 WEAPON 17,17.0,730,,,,,,,
2022-08-12,2015,Greene,3 100.11 ASSAULT ON STAFF 1,1.0,120,,,,,,,
2022-08-12,1045,Groveland,3 106.10 DIRECT ORDER 107.10 INTERFERENCE 109.12 MOVEMENT VIO 3,3.0,5,,,,,,,
2022-08-12,900,Lakeview,3 101.22 STALKING 102.10 THREATS 107.11 HARASSMENT 3,3.0,365,,,,,,,
2022-08-12,835,Marcy,3 104.11 VIOLENT CONDUCT 106.10 DIRECT ORDER 104.13 CREATE DISTURB 3,3.0,90,,,,,,,
2022-08-12,1650,Marcy,3 100.11 ASSAULT ON STAFF 104.11 VIOLENT CONDUCT 106.10 DIRECT ORDER 5,5.0,120,,,,,,,
2022-08-12,800,Marcy,3 104.11 VIOLENT CONDUCT 106.10 DIRECT ORDER 104.13 CREATE DISTURB 3,3.0,90,,,,,,,
2022-08-12,750,Orleans,3 100.13 FIGHTING 104.11 VIOLENT CONDUCT 104.13 CREATE DISTURB 3,3.0,120,,,,,,,
2022-08-12,750,Orleans,3 100.13 FIGHTING 104.11 VIOLENT CONDUCT 104.13 CREATE DISTURB 3,3.0,9,,,,,,,
2022-08-12,1705,Orleans,3 114.10 SMUGGLING 113.23 CONTRABAND 2,2.0,90,,,,,,,
2022-08-12,940,Sullivan,3 100.11 ASSAULT ON STAFF 118.22 UNHYGIENIC ACT 104.11 VIOLENT CONDUCT 4,4.0,365,,,,,,,
2022-08-12,1500,Upstate,3 100.11 ASSAULT ON STAFF 102.10 THREATS 102.10 THREATS 12,11.0,90,,,,,,,
2022-08-12,900,Upstate,3 104.11 VIOLENT CONDUCT 106.10 DIRECT ORDER 106.10 DIRECT ORDER 6,6.0,60,,,,,,,
2022-08-12,1015,Upstate,3 118.22 UNHYGIENIC ACT 101.10 SEX OFFENSE 102.10 THREATS 18,18.0,365,,,,,,,
2022-08-12,1500,Upstate,3 100.11 ASSAULT ON STAFF 102.10 THREATS 104.11 VIOLENT CONDUCT 11,11.0,120,,,,,,,
2022-08-12,840,Upstate,3 104.11 VIOLENT CONDUCT 106.10 DIRECT ORDER 107.10 INTERFERENCE 4,4.0,90,,,,,,,
2022-08-12,2045,Woodbourne,3 114.10 SMUGGLING 113.23 CONTRABAND 2,2.0,7,,,,,,,
2022-08-12,1447,Wyoming,3 113.33 DRUG POSSES 113.23 CONTRABAND 3,2.0,45,,,,,,,
2022-08-13,820,Cayuga,3 104.11 VIOLENT CONDUCT 106.10 DIRECT ORDER 107.10 INTERFERENCE 4,3.0,30,,,,,,,
2022-08-13,1645,Collins,3 104.11 VIOLENT CONDUCT 106.10 DIRECT ORDER 4,2.0,2,,,,,,,
2022-08-13,2045,Fishkill,3 113.27 OTH INM CRIM INFO 118.23 UNREPORTED ILL 5,2.0,11,,,,,,,
2022-08-13,1100,Five Points,3 100.11 ASSAULT ON STAFF 118.22 UNHYGIENIC ACT 107.10 INTERFERENCE 5,5.0,240,,,,,,,
2022-08-13,1600,Franklin,3 102.10 THREATS 109.10 OUT OF PLACE 2,2.0,94,,,,,,,
,,,"Disciplinary Incidents Originally Resulting in a SHU sanction - August 2022 (Dismissals Excluded, Only Guilty Rule Violations Included) As of August 29, 2022",,,,,,,,,
Date,Time,Facility,TIER Guilty1 G1Label Guilty2 G2Label Guilty3 G3Label Total Infractions Total Guilty Infractions,,Original SHU Days,,,,,,,
2022-08-13,2215,Gouverneur,3 101.20 LEWD CONDUCT 1,1.0,29,,,,,,,
2022-08-13,1900,Great Meadow,3 100.13 FIGHTING 106.10 DIRECT ORDER 100.15 DISORDERLY COND 4,3.0,20,,,,,,,
2022-08-13,1900,Great Meadow,3 100.10 ASSAULT ON INCAR INDIV 100.13 FIGHTING 106.10 DIRECT ORDER 4,4.0,60,,,,,,,
2022-08-13,1900,Great Meadow,3 100.10 ASSAULT ON INCAR INDIV 113.10 WEAPON 100.13 FIGHTING 8,6.0,269,,,,,,,
2022-08-13,1900,Great Meadow,3 100.13 FIGHTING 106.10 DIRECT ORDER 100.15 DISORDERLY COND 4,3.0,90,,,,,,,
2022-08-13,1710,Great Meadow,3 113.10 WEAPON 114.10 SMUGGLING 113.23 CONTRABAND 4,4.0,119,,,,,,,
2022-08-13,1900,Great Meadow,3 100.13 FIGHTING 106.10 DIRECT ORDER 100.15 DISORDERLY COND 4,3.0,44,,,,,,,
2022-08-13,1710,Greene,3 101.20 LEWD CONDUCT 107.11 HARASSMENT 2,2.0,30,,,,,,,
2022-08-13,1905,Groveland,3 113.10 WEAPON 113.23 CONTRABAND 109.10 OUT OF PLACE 6,4.0,270,,,,,,,
2022-08-13,1340,Marcy,3 118.10 ARSON 112.22 OBSTRUCT VISIB 4,2.0,60,,,,,,,
2022-08-13,1800,Marcy,3 102.10 THREATS 104.11 VIOLENT CONDUCT 106.10 DIRECT ORDER 6,6.0,60,,,,,,,
2022-08-14,1040,Attica,3 102.10 THREATS 104.11 VIOLENT CONDUCT 106.10 DIRECT ORDER 5,5.0,60,,,,,,,
2022-08-14,2105,Attica,3 100.11 ASSAULT ON STAFF 102.10 THREATS 104.11 VIOLENT CONDUCT 7,7.0,120,,,,,,,
2022-08-14,1900,Auburn,3 106.10 DIRECT ORDER 107.10 INTERFERENCE 109.12 MOVEMENT VIO 3,3.0,2,,,,,,,
2022-08-14,1900,Bare Hill,3 100.13 FIGHTING 104.11 VIOLENT CONDUCT 106.10 DIRECT ORDER 4,4.0,30,,,,,,,
2022-08-14,1900,Bare Hill,3 100.13 FIGHTING 104.11 VIOLENT CONDUCT 106.10 DIRECT ORDER 5,4.0,30,,,,,,,
2022-08-14,1901,Bare Hill,3 113.10 WEAPON 2,1.0,180,,,,,,,
2022-08-14,1900,Bare Hill,3 100.13 FIGHTING 104.11 VIOLENT CONDUCT 106.10 DIRECT ORDER 5,4.0,120,,,,,,,
2022-08-14,1805,Bedford Hills,3 106.10 DIRECT ORDER 107.10 INTERFERENCE 2,2.0,90,,,,,,,
2022-08-14,1015,Clinton,3 100.13 FIGHTING 104.11 VIOLENT CONDUCT 104.13 CREATE DISTURB 3,3.0,35,,,,,,,
2022-08-14,905,Coxsackie,3 100.11 ASSAULT ON STAFF 102.10 THREATS 104.11 VIOLENT CONDUCT 5,5.0,45,,,,,,,
2022-08-14,1113,Fishkill,3 113.10 WEAPON 114.10 SMUGGLING 113.23 CONTRABAND 3,3.0,60,,,,,,,
2022-08-14,1215,Five Points,3 100.13 FIGHTING 104.11 VIOLENT CONDUCT 106.10 DIRECT ORDER 4,4.0,30,,,,,,,
2022-08-14,2309,Gouverneur,3 100.11 ASSAULT ON STAFF 104.11 VIOLENT CONDUCT 106.10 DIRECT ORDER 5,5.0,48,,,,,,,
2022-08-14,1515,Great Meadow,3 113.10 WEAPON 113.10 WEAPON 100.13 FIGHTING 9,9.0,180,,,,,,,
2022-08-14,1318,Lakeview,3 104.11 VIOLENT CONDUCT 106.10 DIRECT ORDER 116.10 LOSS/DAMAGE PROP 7,4.0,120,,,,,,,
2022-08-14,1640,Lakeview,3 100.11 ASSAULT ON STAFF 104.11 VIOLENT CONDUCT 115.10 SEARCH/FRISK 5,5.0,35,,,,,,,
2022-08-14,20,Marcy,3 100.10 ASSAULT ON INCAR INDIV 100.13 FIGHTING 104.11 VIOLENT CONDUCT 5,5.0,93,,,,,,,
2022-08-14,2138,Mohawk,3 114.10 SMUGGLING 113.23 CONTRABAND 2,2.0,90,,,,,,,
2022-08-14,645,Orleans,3 104.11 VIOLENT CONDUCT 114.10 SMUGGLING 115.10 SEARCH/FRISK 6,6.0,120,,,,,,,
2022-08-14,1920,Orleans,3 114.10 SMUGGLING 113.23 CONTRABAND 2,2.0,46,,,,,,,
2022-08-14,1256,Sing Sing,3 100.10 ASSAULT ON INCAR INDIV 113.10 WEAPON 100.13 FIGHTING 6,6.0,229,,,,,,,
2022-08-14,1030,Upstate,3 114.10 SMUGGLING 115.10 SEARCH/FRISK 106.10 DIRECT ORDER 5,5.0,60,,,,,,,
2022-08-14,2040,Woodbourne,3 113.23 CONTRABAND 113.31 ALCOLHOL USE 118.31 TAMPER W/ ELEC 3,3.0,30,,,,,,,
2022-08-15,1740,Albion,3 102.10 THREATS 106.10 DIRECT ORDER 107.11 HARASSMENT 4,3.0,45,,,,,,,
2022-08-15,816,Attica,3 100.13 FIGHTING 104.11 VIOLENT CONDUCT 106.10 DIRECT ORDER 5,5.0,30,,,,,,,
2022-08-15,816,Attica,3 100.13 FIGHTING 104.11 VIOLENT CONDUCT 106.10 DIRECT ORDER 5,5.0,40,,,,,,,
2022-08-15,1130,Auburn,3 113.10 WEAPON 104.11 VIOLENT CONDUCT 114.10 SMUGGLING 6,4.0,120,,,,,,,
2022-08-15,1955,Auburn,3 113.10 WEAPON 113.11 ALTERED ITEM 3,2.0,60,,,,,,,
2022-08-15,1250,Bedford Hills,3 100.13 FIGHTING 104.11 VIOLENT CONDUCT 106.10 DIRECT ORDER 4,4.0,30,,,,,,,
2022-08-15,1110,Collins,3 106.10 DIRECT ORDER 107.10 INTERFERENCE 104.13 CREATE DISTURB 3,3.0,10,,,,,,,
2022-08-15,1100,Collins,3 100.11 ASSAULT ON STAFF 102.10 THREATS 104.11 VIOLENT CONDUCT 5,4.0,269,,,,,,,
2022-08-15,2025,Collins,3 113.10 WEAPON 114.10 SMUGGLING 113.23 CONTRABAND 4,4.0,189,,,,,,,
2022-08-15,1040,Collins,3 113.10 WEAPON 1,1.0,90,,,,,,,
2022-08-15,2235,Collins,3 114.10 SMUGGLING 113.23 CONTRABAND 2,2.0,30,,,,,,,
2022-08-15,955,Collins,3 113.10 WEAPON 1,1.0,92,,,,,,,
2022-08-15,825,Coxsackie,3 102.10 THREATS 104.11 VIOLENT CONDUCT 107.11 HARASSMENT 3,3.0,30,,,,,,,
,,,"Disciplinary Incidents Originally Resulting in a SHU sanction - August 2022 (Dismissals Excluded, Only Guilty Rule Violations Included) As of August 29, 2022",,,,,,,,,
Date,Time,Facility,TIER Guilty1 G1Label Guilty2 G2Label Guilty3 G3Label Total Infractions Total Guilty Infractions,,Original SHU Days,,,,,,,
2022-08-15,900,Coxsackie,3 101.20 LEWD CONDUCT 1,1.0,30,,,,,,,
2022-08-15,1150,Five Points,3 100.11 ASSAULT ON STAFF 104.11 VIOLENT CONDUCT 2,2.0,180,,,,,,,
2022-08-15,1400,Gouverneur,3 113.10 WEAPON 113.23 CONTRABAND 2,2.0,120,,,,,,,
2022-08-15,1915,Gouverneur,3 114.10 SMUGGLING 113.23 CONTRABAND 2,2.0,90,,,,,,,
2022-08-15,1800,Gouverneur,3 104.11 VIOLENT CONDUCT 114.10 SMUGGLING 115.10 SEARCH/FRISK 4,4.0,90,,,,,,,
2022-08-15,1215,Great Meadow,3 100.10 ASSAULT ON INCAR INDIV 1,1.0,120,,,,,,,
2022-08-15,940,Green Haven,3 100.10 ASSAULT ON INCAR INDIV 100.13 FIGHTING 104.11 VIOLENT CONDUCT 5,3.0,33,,,,,,,
2022-08-15,430,Green Haven,3 106.10 DIRECT ORDER 101.20 LEWD CONDUCT 107.10 INTERFERENCE 4,4.0,7,,,,,,,
2022-08-15,840,Marcy,3 118.22 UNHYGIENIC ACT 114.10 SMUGGLING 104.13 CREATE DISTURB 4,3.0,60,,,,,,,
2022-08-15,955,Marcy,3 100.13 FIGHTING 104.11 VIOLENT CONDUCT 104.13 CREATE DISTURB 4,3.0,73,,,,,,,
2022-08-15,730,Mid-State,3 100.10 ASSAULT ON INCAR INDIV 113.10 WEAPON 104.11 VIOLENT CONDUCT 7,3.0,94,,,,,,,
2022-08-15,730,Mid-State,3 100.10 ASSAULT ON INCAR INDIV 113.10 WEAPON 100.13 FIGHTING 8,7.0,365,,,,,,,
2022-08-15,845,Orleans,3 114.10 SMUGGLING 113.23 CONTRABAND 2,2.0,90,,,,,,,
2022-08-15,915,Queensboro,3 100.11 ASSAULT ON STAFF 104.11 VIOLENT CONDUCT 106.10 DIRECT ORDER 4,4.0,60,,,,,,,
2022-08-15,1040,Riverview,3 104.11 VIOLENT CONDUCT 107.10 INTERFERENCE 104.13 CREATE DISTURB 3,3.0,80,,,,,,,
2022-08-15,1455,Upstate,3 100.13 FIGHTING 104.11 VIOLENT CONDUCT 106.10 DIRECT ORDER 3,3.0,90,,,,,,,
2022-08-15,1410,Upstate,3 102.10 THREATS 106.10 DIRECT ORDER 107.10 INTERFERENCE 5,5.0,30,,,,,,,
2022-08-15,1010,Wallkill,3 101.20 LEWD CONDUCT 107.11 HARASSMENT 2,2.0,60,,,,,,,
2022-08-15,1740,Washington,3 100.11 ASSAULT ON STAFF 104.11 VIOLENT CONDUCT 104.11 VIOLENT CONDUCT 10,10.0,90,,,,,,,
2022-08-15,1150,Washington,3 102.10 THREATS 102.10 THREATS 106.10 DIRECT ORDER 8,8.0,59,,,,,,,
2022-08-16,1825,Auburn,3 101.20 LEWD CONDUCT 1,1.0,30,,,,,,,
2022-08-16,1230,Bare Hill,3 113.10 WEAPON 114.10 SMUGGLING 2,2.0,243,,,,,,,
2022-08-16,2110,Bedford Hills,3 100.13 FIGHTING 104.11 VIOLENT CONDUCT 104.13 CREATE DISTURB 4,3.0,90,,,,,,,
2022-08-16,810,Eastern,3 100.13 FIGHTING 104.11 VIOLENT CONDUCT 106.10 DIRECT ORDER 5,4.0,90,,,,,,,
2022-08-16,1110,Eastern,3 104.11 VIOLENT CONDUCT 104.11 VIOLENT CONDUCT 106.10 DIRECT ORDER 9,6.0,66,,,,,,,
2022-08-16,1637,Elmira,3 100.11 ASSAULT ON STAFF 1,1.0,60,,,,,,,
2022-08-16,1000,Fishkill,3 113.10 WEAPON 105.13 GANGS 114.10 SMUGGLING 4,4.0,730,,,,,,,
2022-08-16,855,Franklin,3 102.10 THREATS 104.11 VIOLENT CONDUCT 106.10 DIRECT ORDER 7,6.0,60,,,,,,,
2022-08-16,2120,Great Meadow,3 102.10 THREATS 106.10 DIRECT ORDER 107.10 INTERFERENCE 5,5.0,60,,,,,,,
2022-08-16,940,Great Meadow,3 100.11 ASSAULT ON STAFF 118.22 UNHYGIENIC ACT 102.10 THREATS 7,7.0,90,,,,,,,
2022-08-16,1330,Great Meadow,3 100.13 FIGHTING 104.11 VIOLENT CONDUCT 104.13 CREATE DISTURB 4,3.0,45,,,,,,,
2022-08-16,945,Groveland,3 113.10 WEAPON 113.23 CONTRABAND 113.11 ALTERED ITEM 3,3.0,242,,,,,,,
2022-08-16,1905,Mid-State,3 102.10 THREATS 104.11 VIOLENT CONDUCT 106.10 DIRECT ORDER 3,3.0,30,,,,,,,
2022-08-16,1730,Sing Sing,3 113.10 WEAPON 114.10 SMUGGLING 2,2.0,182,,,,,,,
2022-08-16,1007,Upstate,3 100.11 ASSAULT ON STAFF 104.11 VIOLENT CONDUCT 106.10 DIRECT ORDER 5,5.0,60,,,,,,,
2022-08-16,1850,Wyoming,3 100.11 ASSAULT ON STAFF 104.11 VIOLENT CONDUCT 106.10 DIRECT ORDER 7,7.0,60,,,,,,,
2022-08-17,1835,Albion,3 102.10 THREATS 106.10 DIRECT ORDER 107.10 INTERFERENCE 8,7.0,119,,,,,,,
2022-08-17,635,Attica,3 104.11 VIOLENT CONDUCT 106.10 DIRECT ORDER 107.10 INTERFERENCE 5,4.0,120,,,,,,,
2022-08-17,815,Auburn,3 102.10 THREATS 104.11 VIOLENT CONDUCT 114.10 SMUGGLING 6,4.0,90,,,,,,,
2022-08-17,1835,Cayuga,3 100.11 ASSAULT ON STAFF 104.11 VIOLENT CONDUCT 106.10 DIRECT ORDER 5,5.0,150,,,,,,,
2022-08-17,840,Clinton,3 118.22 UNHYGIENIC ACT 114.10 SMUGGLING 2,2.0,98,,,,,,,
2022-08-17,840,Franklin,3 102.10 THREATS 106.10 DIRECT ORDER 109.12 MOVEMENT VIO 3,3.0,52,,,,,,,
2022-08-17,1310,Franklin,3 102.10 THREATS 106.10 DIRECT ORDER 109.12 MOVEMENT VIO 3,3.0,62,,,,,,,
2022-08-17,835,Gouverneur,3 102.10 THREATS 104.11 VIOLENT CONDUCT 106.10 DIRECT ORDER 5,5.0,46,,,,,,,
2022-08-17,1700,Great Meadow,3 104.11 VIOLENT CONDUCT 106.10 DIRECT ORDER 3,2.0,30,,,,,,,
2022-08-17,1700,Great Meadow,3 100.13 FIGHTING 104.11 VIOLENT CONDUCT 106.10 DIRECT ORDER 4,4.0,120,,,,,,,
2022-08-17,2100,Great Meadow,3 118.22 UNHYGIENIC ACT 106.10 DIRECT ORDER 101.20 LEWD CONDUCT 6,5.0,30,,,,,,,
,,,"Disciplinary Incidents Originally Resulting in a SHU sanction - August 2022 (Dismissals Excluded, Only Guilty Rule Violations Included) As of August 29, 2022",,,,,,,,,
Date,Time,Facility,TIER Guilty1 G1Label Guilty2 G2Label Guilty3 G3Label Total Infractions Total Guilty Infractions,,Original SHU Days,,,,,,,
2022-08-17,1700,Great Meadow,3 100.13 FIGHTING 104.11 VIOLENT CONDUCT 106.10 DIRECT ORDER 4,4.0,45,,,,,,,
2022-08-17,1700,Great Meadow,3 100.13 FIGHTING 104.11 VIOLENT CONDUCT 106.10 DIRECT ORDER 4,3.0,45,,,,,,,
2022-08-17,1650,Greene,3 113.10 WEAPON 113.23 CONTRABAND 113.11 ALTERED ITEM 3,3.0,180,,,,,,,
2022-08-17,1415,Groveland,3 113.10 WEAPON 113.23 CONTRABAND 113.32 ALCOLHOL/DRUG DIST 4,4.0,59,,,,,,,
2022-08-17,1237,Marcy,3 118.10 ARSON 118.22 UNHYGIENIC ACT 106.10 DIRECT ORDER 4,4.0,180,,,,,,,
2022-08-17,1845,Mohawk,3 102.10 THREATS 104.11 VIOLENT CONDUCT 106.10 DIRECT ORDER 4,4.0,60,,,,,,,
2022-08-17,1035,Orleans,3 114.10 SMUGGLING 113.23 CONTRABAND 2,2.0,90,,,,,,,
2022-08-17,1030,Orleans,3 114.10 SMUGGLING 113.23 CONTRABAND 2,2.0,75,,,,,,,
2022-08-17,1700,Sing Sing,3 100.10 ASSAULT ON INCAR INDIV 1,1.0,68,,,,,,,
2022-08-17,2055,Ulster,3 100.13 FIGHTING 104.11 VIOLENT CONDUCT 104.13 CREATE DISTURB 3,3.0,30,,,,,,,
2022-08-17,1800,Upstate,3 102.10 THREATS 106.10 DIRECT ORDER 107.10 INTERFERENCE 5,5.0,60,,,,,,,
2022-08-17,1040,Upstate,3 102.10 THREATS 106.10 DIRECT ORDER 107.10 INTERFERENCE 4,4.0,120,,,,,,,
2022-08-17,2040,Washington,3 100.10 ASSAULT ON INCAR INDIV 100.13 FIGHTING 104.11 VIOLENT CONDUCT 5,4.0,60,,,,,,,
2022-08-17,2040,Washington,3 100.10 ASSAULT ON INCAR INDIV 100.13 FIGHTING 104.11 VIOLENT CONDUCT 5,5.0,60,,,,,,,
2022-08-17,2040,Washington,3 100.10 ASSAULT ON INCAR INDIV 113.10 WEAPON 100.13 FIGHTING 6,6.0,127,,,,,,,
2022-08-17,2040,Washington,3 100.10 ASSAULT ON INCAR INDIV 100.13 FIGHTING 104.11 VIOLENT CONDUCT 5,4.0,62,,,,,,,
2022-08-17,2035,Wende,3 100.10 ASSAULT ON INCAR INDIV 113.10 WEAPON 100.13 FIGHTING 9,9.0,185,,,,,,,
2022-08-17,1400,Wyoming,3 114.10 SMUGGLING 113.34 DRUG USE 180.11 FACIL CORRESPOND 4,3.0,120,,,,,,,
2022-08-17,1034,Wyoming,3 113.33 DRUG POSSES 113.23 CONTRABAND 3,2.0,45,,,,,,,
2022-08-18,1740,Albion,3 102.10 THREATS 106.10 DIRECT ORDER 104.13 CREATE DISTURB 6,4.0,4,,,,,,,
2022-08-18,1025,Auburn,3 101.11 FORCIBLE TOUCHING 104.11 VIOLENT CONDUCT 106.10 DIRECT ORDER 8,7.0,90,,,,,,,
2022-08-18,1815,Auburn,3 102.10 THREATS 1,1.0,25,,,,,,,
2022-08-18,1020,Cayuga,3 100.11 ASSAULT ON STAFF 104.11 VIOLENT CONDUCT 106.10 DIRECT ORDER 4,4.0,365,,,,,,,
2022-08-18,740,Cayuga,3 100.11 ASSAULT ON STAFF 104.11 VIOLENT CONDUCT 106.10 DIRECT ORDER 6,6.0,29,,,,,,,
2022-08-18,915,Clinton,3 102.10 THREATS 1,1.0,46,,,,,,,
2022-08-18,800,Clinton,3 100.13 FIGHTING 104.11 VIOLENT CONDUCT 106.10 DIRECT ORDER 4,4.0,90,,,,,,,
2022-08-18,2110,Collins,3 106.10 DIRECT ORDER 107.10 INTERFERENCE 104.13 CREATE DISTURB 3,3.0,15,,,,,,,
2022-08-18,1925,Collins,3 100.13 FIGHTING 104.11 VIOLENT CONDUCT 106.10 DIRECT ORDER 3,3.0,45,,,,,,,
2022-08-18,1520,Collins,3 102.10 THREATS 2,1.0,15,,,,,,,
2022-08-18,1925,Collins,3 100.13 FIGHTING 104.11 VIOLENT CONDUCT 106.10 DIRECT ORDER 3,3.0,30,,,,,,,
2022-08-18,1030,Eastern,3 104.11 VIOLENT CONDUCT 115.10 SEARCH/FRISK 106.10 DIRECT ORDER 6,6.0,5,,,,,,,
2022-08-18,730,Five Points,3 113.10 WEAPON 102.10 THREATS 104.11 VIOLENT CONDUCT 9,9.0,120,,,,,,,
2022-08-18,1155,Gouverneur,3 100.13 FIGHTING 104.11 VIOLENT CONDUCT 104.13 CREATE DISTURB 3,3.0,90,,,,,,,
2022-08-18,1735,Great Meadow,3 100.13 FIGHTING 104.11 VIOLENT CONDUCT 106.10 DIRECT ORDER 4,4.0,60,,,,,,,
2022-08-18,1735,Great Meadow,3 100.13 FIGHTING 104.11 VIOLENT CONDUCT 106.10 DIRECT ORDER 4,4.0,45,,,,,,,
2022-08-18,2005,Green Haven,3 100.10 ASSAULT ON INCAR INDIV 100.13 FIGHTING 104.11 VIOLENT CONDUCT 7,6.0,93,,,,,,,
2022-08-18,2230,Groveland,3 100.10 ASSAULT ON INCAR INDIV 113.10 WEAPON 104.11 VIOLENT CONDUCT 3,3.0,180,,,,,,,
2022-08-18,855,Groveland,3 114.10 SMUGGLING 115.10 SEARCH/FRISK 106.10 DIRECT ORDER 6,6.0,44,,,,,,,
2022-08-18,2230,Groveland,3 100.10 ASSAULT ON INCAR INDIV 113.10 WEAPON 104.11 VIOLENT CONDUCT 3,3.0,264,,,,,,,
2022-08-18,1130,Marcy,3 100.11 ASSAULT ON STAFF 113.10 WEAPON 104.11 VIOLENT CONDUCT 7,7.0,185,,,,,,,
2022-08-18,1110,Marcy,3 114.10 SMUGGLING 113.23 CONTRABAND 2,2.0,90,,,,,,,
2022-08-18,1055,Marcy,3 113.10 WEAPON 114.10 SMUGGLING 113.23 CONTRABAND 3,3.0,120,,,,,,,
2022-08-18,716,Marcy,3 102.10 THREATS 107.11 HARASSMENT 2,2.0,180,,,,,,,
2022-08-18,1100,Mid-State,3 100.10 ASSAULT ON INCAR INDIV 2,1.0,15,,,,,,,
2022-08-18,1103,Sing Sing,3 113.10 WEAPON 114.10 SMUGGLING 113.23 CONTRABAND 3,3.0,270,,,,,,,
2022-08-18,1100,Sing Sing,3 113.10 WEAPON 1,1.0,90,,,,,,,
2022-08-18,1000,Sing Sing,3 100.13 FIGHTING 2,1.0,52,,,,,,,
,,,"Disciplinary Incidents Originally Resulting in a SHU sanction - August 2022 (Dismissals Excluded, Only Guilty Rule Violations Included) As of August 29, 2022",,,,,,,,,
Date,Time,Facility,TIER Guilty1 G1Label Guilty2 G2Label Guilty3 G3Label Total Infractions Total Guilty Infractions,,Original SHU Days,,,,,,,
2022-08-18,1300,Upstate,3 102.10 THREATS 104.11 VIOLENT CONDUCT 106.10 DIRECT ORDER 4,4.0,90,,,,,,,
2022-08-18,1743,Upstate,3 102.10 THREATS 106.10 DIRECT ORDER 106.10 DIRECT ORDER 6,6.0,60,,,,,,,
2022-08-18,1045,Upstate,3 113.10 WEAPON 114.10 SMUGGLING 113.11 ALTERED ITEM 3,3.0,365,,,,,,,
2022-08-18,1345,Wallkill,3 100.11 ASSAULT ON STAFF 104.11 VIOLENT CONDUCT 3,2.0,60,,,,,,,
2022-08-18,1345,Woodbourne,3 100.10 ASSAULT ON INCAR INDIV 100.13 FIGHTING 104.11 VIOLENT CONDUCT 4,4.0,15,,,,,,,
2022-08-19,1350,Albion,3 102.10 THREATS 104.11 VIOLENT CONDUCT 106.10 DIRECT ORDER 6,6.0,10,,,,,,,
2022-08-19,900,Attica,3 102.10 THREATS 104.11 VIOLENT CONDUCT 2,2.0,59,,,,,,,
2022-08-19,1150,Attica,3 100.13 FIGHTING 104.13 CREATE DISTURB 4,2.0,5,,,,,,,
2022-08-19,1220,Attica,3 113.10 WEAPON 113.23 CONTRABAND 2,2.0,180,,,,,,,
2022-08-19,1205,Auburn,3 113.10 WEAPON 102.10 THREATS 113.11 ALTERED ITEM 4,3.0,205,,,,,,,
2022-08-19,1350,Cape Vincent,3 102.10 THREATS 104.13 CREATE DISTURB 2,2.0,90,,,,,,,
2022-08-19,1350,Cape Vincent,3 102.10 THREATS 104.12 DEMONSTRATION 104.13 CREATE DISTURB 3,3.0,60,,,,,,,
2022-08-19,1635,Cape Vincent,3 100.11 ASSAULT ON STAFF 104.11 VIOLENT CONDUCT 115.10 SEARCH/FRISK 3,3.0,120,,,,,,,
2022-08-19,1720,Clinton,3 104.11 VIOLENT CONDUCT 107.10 INTERFERENCE 104.13 CREATE DISTURB 4,3.0,6,,,,,,,
2022-08-19,856,Coxsackie,3 104.11 VIOLENT CONDUCT 107.10 INTERFERENCE 107.11 HARASSMENT 4,4.0,30,,,,,,,
2022-08-19,815,Elmira,3 100.13 FIGHTING 104.11 VIOLENT CONDUCT 106.10 DIRECT ORDER 4,4.0,75,,,,,,,
2022-08-19,815,Elmira,3 100.10 ASSAULT ON INCAR INDIV 113.10 WEAPON 100.13 FIGHTING 6,6.0,365,,,,,,,
2022-08-19,1530,Gouverneur,3 102.10 THREATS 106.10 DIRECT ORDER 109.15 REFUSE DBL CELLING 4,4.0,15,,,,,,,
2022-08-19,1015,Gouverneur,3 102.10 THREATS 104.11 VIOLENT CONDUCT 106.10 DIRECT ORDER 3,3.0,30,,,,,,,
2022-08-19,1145,Gouverneur,3 114.10 SMUGGLING 113.23 CONTRABAND 2,2.0,60,,,,,,,
2022-08-19,1320,Great Meadow,3 100.10 ASSAULT ON INCAR INDIV 100.13 FIGHTING 104.11 VIOLENT CONDUCT 4,4.0,90,,,,,,,
2022-08-19,1035,Great Meadow,3 100.13 FIGHTING 104.11 VIOLENT CONDUCT 104.13 CREATE DISTURB 3,3.0,15,,,,,,,
2022-08-19,2030,Groveland,3 104.11 VIOLENT CONDUCT 106.10 DIRECT ORDER 107.11 HARASSMENT 4,4.0,45,,,,,,,
2022-08-19,5,Marcy,3 113.10 WEAPON 104.11 VIOLENT CONDUCT 113.11 ALTERED ITEM 5,3.0,74,,,,,,,
2022-08-19,2028,Mohawk,3 100.13 FIGHTING 104.11 VIOLENT CONDUCT 106.10 DIRECT ORDER 3,3.0,59,,,,,,,
2022-08-19,855,Orleans,3 100.13 FIGHTING 104.11 VIOLENT CONDUCT 104.13 CREATE DISTURB 3,3.0,60,,,,,,,
2022-08-19,905,Sullivan,3 100.11 ASSAULT ON STAFF 104.11 VIOLENT CONDUCT 114.10 SMUGGLING 8,8.0,120,,,,,,,
2022-08-19,1250,Upstate,3 104.11 VIOLENT CONDUCT 106.10 DIRECT ORDER 107.11 HARASSMENT 4,3.0,60,,,,,,,
2022-08-20,845,Attica,3 118.22 UNHYGIENIC ACT 114.10 SMUGGLING 106.10 DIRECT ORDER 3,3.0,120,,,,,,,
2022-08-20,845,Attica,3 118.22 UNHYGIENIC ACT 114.10 SMUGGLING 106.10 DIRECT ORDER 3,3.0,120,,,,,,,
2022-08-20,1010,Auburn,3 113.10 WEAPON 114.10 SMUGGLING 113.11 ALTERED ITEM 5,3.0,90,,,,,,,
2022-08-20,1340,Bare Hill,3 101.10 SEX OFFENSE 101.20 LEWD CONDUCT 2,2.0,60,,,,,,,
2022-08-20,1615,Cayuga,3 100.11 ASSAULT ON STAFF 104.11 VIOLENT CONDUCT 106.10 DIRECT ORDER 7,7.0,90,,,,,,,
2022-08-20,920,Clinton,3 102.10 THREATS 104.11 VIOLENT CONDUCT 107.10 INTERFERENCE 5,4.0,45,,,,,,,
2022-08-20,1808,Fishkill,3 100.11 ASSAULT ON STAFF 106.10 DIRECT ORDER 2,2.0,45,,,,,,,
2022-08-20,230,Franklin,3 104.11 VIOLENT CONDUCT 104.13 CREATE DISTURB 4,2.0,60,,,,,,,
2022-08-20,230,Franklin,3 100.13 FIGHTING 104.11 VIOLENT CONDUCT 104.13 CREATE DISTURB 4,3.0,59,,,,,,,
2022-08-20,850,Great Meadow,3 100.10 ASSAULT ON INCAR INDIV 113.10 WEAPON 100.13 FIGHTING 9,8.0,270,,,,,,,
2022-08-20,615,Lakeview,3 100.13 FIGHTING 104.11 VIOLENT CONDUCT 106.10 DIRECT ORDER 5,4.0,15,,,,,,,
2022-08-20,615,Lakeview,3 100.13 FIGHTING 104.11 VIOLENT CONDUCT 106.10 DIRECT ORDER 4,4.0,12,,,,,,,
2022-08-20,1700,Marcy,3 113.10 WEAPON 114.10 SMUGGLING 2,2.0,184,,,,,,,
2022-08-20,2140,Marcy,3 100.11 ASSAULT ON STAFF 104.11 VIOLENT CONDUCT 3,2.0,112,,,,,,,
2022-08-20,1755,Mid-State,3 100.11 ASSAULT ON STAFF 104.11 VIOLENT CONDUCT 115.10 SEARCH/FRISK 4,3.0,63,,,,,,,
2022-08-20,35,Mohawk,3 102.10 THREATS 106.10 DIRECT ORDER 107.10 INTERFERENCE 3,3.0,30,,,,,,,
2022-08-21,2040,Albion,3 114.10 SMUGGLING 106.10 DIRECT ORDER 107.10 INTERFERENCE 7,7.0,30,,,,,,,
2022-08-21,1525,Bedford Hills,3 118.10 ARSON 104.11 VIOLENT CONDUCT 106.10 DIRECT ORDER 10,9.0,90,,,,,,,
2022-08-21,1216,Coxsackie,3 113.10 WEAPON 104.11 VIOLENT CONDUCT 114.10 SMUGGLING 6,5.0,730,,,,,,,
,,,"Disciplinary Incidents Originally Resulting in a SHU sanction - August 2022 (Dismissals Excluded, Only Guilty Rule Violations Included) As of August 29, 2022",,,,,,,,,
Date,Time,Facility,TIER Guilty1 G1Label Guilty2 G2Label Guilty3 G3Label Total Infractions Total Guilty Infractions,,Original SHU Days,,,,,,,
2022-08-21,1823,Five Points,3 100.13 FIGHTING 104.11 VIOLENT CONDUCT 106.10 DIRECT ORDER 4,4.0,90,,,,,,,
2022-08-21,1205,Great Meadow,3 100.13 FIGHTING 104.11 VIOLENT CONDUCT 106.10 DIRECT ORDER 4,4.0,90,,,,,,,
2022-08-21,1215,Great Meadow,3 100.11 ASSAULT ON STAFF 118.22 UNHYGIENIC ACT 4,2.0,365,,,,,,,
2022-08-21,1615,Great Meadow,3 102.10 THREATS 106.10 DIRECT ORDER 101.20 LEWD CONDUCT 5,5.0,365,,,,,,,
2022-08-21,1205,Great Meadow,3 100.13 FIGHTING 104.11 VIOLENT CONDUCT 106.10 DIRECT ORDER 4,4.0,30,,,,,,,
2022-08-21,2020,Mid-State,3 100.11 ASSAULT ON STAFF 100.13 FIGHTING 104.11 VIOLENT CONDUCT 4,4.0,90,,,,,,,
2022-08-21,55,Orleans,3 114.10 SMUGGLING 113.23 CONTRABAND 2,2.0,32,,,,,,,
2022-08-21,55,Orleans,3 102.10 THREATS 2,1.0,15,,,,,,,
2022-08-21,1948,Shawangunk,3 100.10 ASSAULT ON INCAR INDIV 104.11 VIOLENT CONDUCT 106.10 DIRECT ORDER 6,4.0,300,,,,,,,
2022-08-21,1535,Shawangunk,3 102.10 THREATS 104.11 VIOLENT CONDUCT 106.10 DIRECT ORDER 7,5.0,30,,,,,,,
2022-08-21,840,Wende,3 100.11 ASSAULT ON STAFF 104.11 VIOLENT CONDUCT 106.10 DIRECT ORDER 5,5.0,45,,,,,,,
2022-08-22,2200,Attica,3 104.12 DEMONSTRATION 115.10 SEARCH/FRISK 106.10 DIRECT ORDER 6,6.0,364,,,,,,,
2022-08-22,915,Auburn,3 113.10 WEAPON 114.10 SMUGGLING 2,2.0,120,,,,,,,
2022-08-22,722,Cape Vincent,3 100.13 FIGHTING 104.11 VIOLENT CONDUCT 106.10 DIRECT ORDER 4,4.0,45,,,,,,,
2022-08-22,1430,Cape Vincent,3 102.10 THREATS 107.20 FALSE INFORMATION 2,2.0,60,,,,,,,
2022-08-22,722,Cape Vincent,3 100.13 FIGHTING 104.11 VIOLENT CONDUCT 104.11 VIOLENT CONDUCT 6,6.0,120,,,,,,,
2022-08-22,800,Clinton,3 100.13 FIGHTING 104.11 VIOLENT CONDUCT 106.10 DIRECT ORDER 4,4.0,10,,,,,,,
2022-08-22,800,Clinton,3 100.13 FIGHTING 104.11 VIOLENT CONDUCT 106.10 DIRECT ORDER 4,4.0,15,,,,,,,
2022-08-22,1740,Great Meadow,3 101.20 LEWD CONDUCT 1,1.0,3,,,,,,,
2022-08-22,1100,Greene,3 104.12 DEMONSTRATION 106.10 DIRECT ORDER 107.10 INTERFERENCE 4,4.0,30,,,,,,,
2022-08-22,2000,Groveland,3 100.13 FIGHTING 104.11 VIOLENT CONDUCT 106.10 DIRECT ORDER 5,5.0,81,,,,,,,
2022-08-22,1150,Mid-State,3 113.10 WEAPON 100.13 FIGHTING 104.11 VIOLENT CONDUCT 5,5.0,30,,,,,,,
2022-08-22,1230,Mohawk,3 102.10 THREATS 107.11 HARASSMENT 2,2.0,182,,,,,,,
2022-08-22,1230,Mohawk,3 100.10 ASSAULT ON INCAR INDIV 102.10 THREATS 104.11 VIOLENT CONDUCT 3,3.0,60,,,,,,,
2022-08-22,200,Mohawk,3 100.13 FIGHTING 104.11 VIOLENT CONDUCT 106.10 DIRECT ORDER 4,4.0,31,,,,,,,
2022-08-22,1230,Mohawk,3 100.10 ASSAULT ON INCAR INDIV 102.10 THREATS 104.11 VIOLENT CONDUCT 3,3.0,30,,,,,,,
2022-08-22,1230,Mohawk,3 102.10 THREATS 2,1.0,33,,,,,,,
2022-08-22,1725,Otisville,3 113.10 WEAPON 114.10 SMUGGLING 113.23 CONTRABAND 3,3.0,120,,,,,,,
2022-08-22,1115,Upstate,3 102.10 THREATS 106.10 DIRECT ORDER 107.10 INTERFERENCE 4,4.0,30,,,,,,,
2022-08-22,1115,Wyoming,3 104.11 VIOLENT CONDUCT 106.10 DIRECT ORDER 104.13 CREATE DISTURB 4,3.0,60,,,,,,,
2022-08-22,1215,Wyoming,3 100.13 FIGHTING 104.11 VIOLENT CONDUCT 105.13 GANGS 5,5.0,120,,,,,,,
2022-08-22,1215,Wyoming,3 100.13 FIGHTING 104.11 VIOLENT CONDUCT 105.13 GANGS 5,5.0,120,,,,,,,
2022-08-22,1155,Wyoming,3 104.11 VIOLENT CONDUCT 106.10 DIRECT ORDER 104.13 CREATE DISTURB 4,3.0,45,,,,,,,
2022-08-22,1215,Wyoming,3 100.13 FIGHTING 104.11 VIOLENT CONDUCT 107.10 INTERFERENCE 5,4.0,49,,,,,,,
2022-08-22,1155,Wyoming,3 100.13 FIGHTING 104.11 VIOLENT CONDUCT 106.10 DIRECT ORDER 4,3.0,60,,,,,,,
2022-08-22,1155,Wyoming,3 100.13 FIGHTING 104.11 VIOLENT CONDUCT 106.10 DIRECT ORDER 4,4.0,30,,,,,,,
2022-08-22,1155,Wyoming,3 100.13 FIGHTING 104.11 VIOLENT CONDUCT 106.10 DIRECT ORDER 4,4.0,30,,,,,,,
2022-08-23,1745,Albion,3 106.10 DIRECT ORDER 181.10 HEARING DISP 104.13 CREATE DISTURB 7,5.0,3,,,,,,,
2022-08-23,1550,Bare Hill,3 102.10 THREATS 104.11 VIOLENT CONDUCT 106.10 DIRECT ORDER 7,7.0,75,,,,,,,
2022-08-23,2130,Franklin,3 100.13 FIGHTING 100.13 FIGHTING 104.11 VIOLENT CONDUCT 5,5.0,100,,,,,,,
2022-08-23,1002,Gouverneur,3 102.10 THREATS 104.11 VIOLENT CONDUCT 106.10 DIRECT ORDER 3,3.0,90,,,,,,,
2022-08-23,1100,Wende,3 118.22 UNHYGIENIC ACT 1,1.0,45,,,,,,,
2022-08-24,815,Auburn,3 100.13 FIGHTING 104.11 VIOLENT CONDUCT 106.10 DIRECT ORDER 4,4.0,15,,,,,,,
2022-08-24,1145,Clinton,3 101.20 LEWD CONDUCT 107.10 INTERFERENCE 104.13 CREATE DISTURB 4,4.0,60,,,,,,,
2022-08-24,1320,Eastern,3 113.10 WEAPON 113.23 CONTRABAND 113.23 CONTRABAND 8,5.0,270,,,,,,,
2022-08-24,925,Franklin,3 102.10 THREATS 106.10 DIRECT ORDER 109.12 MOVEMENT VIO 5,3.0,94,,,,,,,
2022-08-24,912,Mid-State,3 113.10 WEAPON 1,1.0,35,,,,,,,
,,,"Disciplinary Incidents Originally Resulting in a SHU sanction - August 2022 (Dismissals Excluded, Only Guilty Rule Violations Included) As of August 29, 2022",,,,,,,,,
Time,Facility,TIER,Date,Guilty1,G1Label,Guilty2,G2Label,Guilty3,G3Label,Total Infractions,Total Guilty Infractions,Original SHU Days
1235,Wyoming,3,2022-08-24,113.10,WEAPON,100.13,FIGHTING,104.11,VIOLENT CONDUCT,6,6,121
200,Franklin,3,2022-08-25,102.10,THREATS,106.10,DIRECT ORDER,,,3,2,101
915,Green Haven,3,2022-08-25,100.10,ASSAULT ON INCAR INDIV,113.10,WEAPON,100.13,FIGHTING,6,4,135
