Unnamed: 0,Unnamed: 1,Unnamed: 2,New York State Department of Corrections and Community Supervision,Unnamed: 3,Unnamed: 4
,,,"Disciplinary Incidents Originally Resulting in a SHU sanction - June 2022 (Dismissals Excluded, Only Guilty Rule Violations Included) As of July 1, 2022",,
Date,Time Facility,,TIER Guilty1 G1Label Guilty2 G2Label Guilty3 G3Label Total Infractions Total Guilty Infractions,,Original SHU Days
2022-06-01,905 Albion,,3 118.22 UNHYGIENIC ACT 104.11 VIOLENT CONDUCT 104.13 CREATE DISTURB 5,4.0,14
2022-06-01,1010 Albion,,3 104.11 VIOLENT CONDUCT 106.10 DIRECT ORDER 104.13 CREATE DISTURB 4,4.0,90
2022-06-01,905 Albion,,3 102.10 THREATS 104.11 VIOLENT CONDUCT 104.13 CREATE DISTURB 5,3.0,30
2022-06-01,851 Attica,,3 100.13 FIGHTING 104.11 VIOLENT CONDUCT 106.10 DIRECT ORDER 5,4.0,47
2022-06-01,1410 Auburn,,3 105.13 GANGS 1,1.0,45
2022-06-01,1053 Auburn,,3 100.11 ASSAULT ON STAFF 113.10 WEAPON 104.11 VIOLENT CONDUCT 6,4.0,119
2022-06-01,930 Auburn,,3 113.10 WEAPON 104.10 RIOTING 104.11 VIOLENT CONDUCT 8,8.0,729
2022-06-01,835 Auburn,,3 113.10 WEAPON 104.11 VIOLENT CONDUCT 106.10 DIRECT ORDER 3,3.0,65
2022-06-01,1105 Auburn,,3 100.11 ASSAULT ON STAFF 104.11 VIOLENT CONDUCT 115.10 SEARCH/FRISK 6,4.0,120
2022-06-01,825 Auburn,,3 100.11 ASSAULT ON STAFF 104.11 VIOLENT CONDUCT 115.10 SEARCH/FRISK 5,5.0,59
2022-06-01,1725 Auburn,,3 104.11 VIOLENT CONDUCT 115.10 SEARCH/FRISK 107.10 INTERFERENCE 6,3.0,75
2022-06-01,809 Auburn,,3 104.11 VIOLENT CONDUCT 115.10 SEARCH/FRISK 106.10 DIRECT ORDER 4,4.0,90
2022-06-01,1147 Auburn,,3 104.11 VIOLENT CONDUCT 106.10 DIRECT ORDER 3,2.0,72
2022-06-01,1130 Auburn,,3 104.11 VIOLENT CONDUCT 115.10 SEARCH/FRISK 106.10 DIRECT ORDER 4,4.0,60
2022-06-01,1435 Auburn,,3 104.11 VIOLENT CONDUCT 115.10 SEARCH/FRISK 107.10 INTERFERENCE 5,3.0,60
2022-06-01,920 Auburn,,3 100.11 ASSAULT ON STAFF 104.11 VIOLENT CONDUCT 107.10 INTERFERENCE 5,3.0,90
2022-06-01,840 Auburn,,3 104.11 VIOLENT CONDUCT 107.10 INTERFERENCE 104.13 CREATE DISTURB 5,3.0,60
2022-06-01,1415 Auburn,,3 104.11 VIOLENT CONDUCT 115.10 SEARCH/FRISK 107.10 INTERFERENCE 6,4.0,30
2022-06-01,850 Auburn,,3 100.11 ASSAULT ON STAFF 104.11 VIOLENT CONDUCT 115.10 SEARCH/FRISK 5,3.0,60
2022-06-01,1258 Auburn,,3 104.11 VIOLENT CONDUCT 106.10 DIRECT ORDER 107.10 INTERFERENCE 4,4.0,183
2022-06-01,1127 Auburn,,3 100.11 ASSAULT ON STAFF 113.10 WEAPON 104.11 VIOLENT CONDUCT 7,5.0,90
2022-06-01,1535 Auburn,,3 104.11 VIOLENT CONDUCT 115.10 SEARCH/FRISK 106.10 DIRECT ORDER 3,3.0,12
2022-06-01,935 Auburn,,3 104.11 VIOLENT CONDUCT 115.10 SEARCH/FRISK 106.10 DIRECT ORDER 5,5.0,14
2022-06-01,1700 Bare Hill,,3 100.11 ASSAULT ON STAFF 102.10 THREATS 104.11 VIOLENT CONDUCT 10,8.0,120
2022-06-01,1440 Bare Hill,,3 113.10 WEAPON 114.10 SMUGGLING 115.10 SEARCH/FRISK 6,6.0,100
2022-06-01,1300 Bare Hill,,3 102.10 THREATS 106.10 DIRECT ORDER 109.12 MOVEMENT VIO 3,3.0,60
2022-06-01,1040 Clinton,,3 104.11 VIOLENT CONDUCT 109.12 MOVEMENT VIO 3,2.0,87
2022-06-01,1405 Coxsackie,,3 104.12 DEMONSTRATION 106.10 DIRECT ORDER 107.10 INTERFERENCE 5,5.0,270
2022-06-01,1021 Coxsackie,,3 104.11 VIOLENT CONDUCT 115.10 SEARCH/FRISK 106.10 DIRECT ORDER 7,3.0,45
2022-06-01,930 Coxsackie,,3 113.10 WEAPON 113.23 CONTRABAND 113.11 ALTERED ITEM 3,3.0,15
2022-06-01,1405 Coxsackie,,3 104.12 DEMONSTRATION 106.10 DIRECT ORDER 107.10 INTERFERENCE 5,5.0,120
2022-06-01,1405 Coxsackie,,3 118.22 UNHYGIENIC ACT 104.12 DEMONSTRATION 106.10 DIRECT ORDER 6,6.0,210
2022-06-01,1405 Coxsackie,,3 104.12 DEMONSTRATION 106.10 DIRECT ORDER 104.13 CREATE DISTURB 5,4.0,60
2022-06-01,1405 Coxsackie,,3 104.12 DEMONSTRATION 106.10 DIRECT ORDER 104.13 CREATE DISTURB 5,5.0,60
2022-06-01,1405 Coxsackie,,3 104.12 DEMONSTRATION 106.10 DIRECT ORDER 107.10 INTERFERENCE 5,5.0,270
2022-06-01,927 Eastern,,3 100.11 ASSAULT ON STAFF 118.22 UNHYGIENIC ACT 102.10 THREATS 7,7.0,365
2022-06-01,1115 Fishkill,,3 104.12 DEMONSTRATION 106.10 DIRECT ORDER 107.10 INTERFERENCE 5,5.0,90
2022-06-01,1000 Franklin,,3 102.10 THREATS 106.10 DIRECT ORDER 109.12 MOVEMENT VIO 3,3.0,30
2022-06-01,1145 Gouverneur,,3 104.11 VIOLENT CONDUCT 106.10 DIRECT ORDER 104.13 CREATE DISTURB 4,4.0,40
2022-06-01,1245 Green Haven,,3 104.11 VIOLENT CONDUCT 106.10 DIRECT ORDER 107.10 INTERFERENCE 5,5.0,74
2022-06-01,650 Greene,,3 100.11 ASSAULT ON STAFF 104.11 VIOLENT CONDUCT 106.10 DIRECT ORDER 4,4.0,60
2022-06-01,1855 Greene,,3 100.11 ASSAULT ON STAFF 104.11 VIOLENT CONDUCT 115.10 SEARCH/FRISK 6,6.0,90
2022-06-01,1400 Greene,,3 102.10 THREATS 106.10 DIRECT ORDER 109.12 MOVEMENT VIO 3,3.0,15
2022-06-01,1625 Marcy,,3 113.23 CONTRABAND 1,1.0,120
2022-06-01,2220 Marcy,,3 114.10 SMUGGLING 106.10 DIRECT ORDER 113.23 CONTRABAND 3,3.0,273
2022-06-01,1015 Marcy,,3 118.22 UNHYGIENIC ACT 114.10 SMUGGLING 106.10 DIRECT ORDER 6,6.0,120
2022-06-01,1150 Mid-State,,3 100.13 FIGHTING 104.11 VIOLENT CONDUCT 104.13 CREATE DISTURB 4,4.0,30
,,,"Disciplinary Incidents Originally Resulting in a SHU sanction - June 2022 (Dismissals Excluded, Only Guilty Rule Violations Included) As of July 1, 2022",,
Date,Time Facility,,TIER Guilty1 G1Label Guilty2 G2Label Guilty3 G3Label Total Infractions Total Guilty Infractions,,Original SHU Days
2022-06-01,1353 Upstate,,3 100.11 ASSAULT ON STAFF 100.13 FIGHTING 104.11 VIOLENT CONDUCT 7,6.0,30
2022-06-01,1345 Upstate,,3 104.11 VIOLENT CONDUCT 4,1.0,14
2022-06-01,920 Upstate,,3 100.13 FIGHTING 104.11 VIOLENT CONDUCT 2,2.0,45
2022-06-01,935 Upstate,,3 100.13 FIGHTING 105.13 GANGS 2,2.0,30
2022-06-01,1000 Upstate,,3 100.13 FIGHTING 104.11 VIOLENT CONDUCT 106.10 DIRECT ORDER 6,6.0,60
2022-06-01,935 Upstate,,3 100.13 FIGHTING 105.13 GANGS 106.10 DIRECT ORDER 8,4.0,10
2022-06-01,1054 Washington,,3 100.11 ASSAULT ON STAFF 104.11 VIOLENT CONDUCT 106.10 DIRECT ORDER 4,4.0,120
2022-06-01,2005 Wende,,3 106.10 DIRECT ORDER 108.15 ABSCONDENCE 108.14 TEMP RELEASE 3,3.0,30
2022-06-01,1350 Woodbourne,,3 100.10 ASSAULT ON INCAR INDIV 100.13 FIGHTING 104.11 VIOLENT CONDUCT 5,5.0,59
2022-06-01,1350 Woodbourne,,3 100.13 FIGHTING 106.10 DIRECT ORDER 104.13 CREATE DISTURB 5,3.0,14
2022-06-01,2000 Wyoming,,3 102.10 THREATS 3,1.0,30
2022-06-01,740 Wyoming,,3 100.13 FIGHTING 104.11 VIOLENT CONDUCT 105.13 GANGS 5,5.0,60
2022-06-02,930 Attica,,3 102.10 THREATS 104.11 VIOLENT CONDUCT 2,2.0,30
2022-06-02,1315 Clinton,,3 113.10 WEAPON 114.10 SMUGGLING 2,2.0,120
2022-06-02,1005 Eastern,,3 113.10 WEAPON 113.11 ALTERED ITEM 2,2.0,180
2022-06-02,1600 Elmira,,3 113.10 WEAPON 114.10 SMUGGLING 2,2.0,40
2022-06-02,725 Fishkill,,3 100.11 ASSAULT ON STAFF 104.11 VIOLENT CONDUCT 115.10 SEARCH/FRISK 5,5.0,100
2022-06-02,2015 Fishkill,,3 113.10 WEAPON 104.11 VIOLENT CONDUCT 106.10 DIRECT ORDER 6,3.0,164
2022-06-02,1814 Fishkill,,3 113.10 WEAPON 113.23 CONTRABAND 2,2.0,120
2022-06-02,1220 Five Points,,3 113.10 WEAPON 114.10 SMUGGLING 113.23 CONTRABAND 3,3.0,270
2022-06-02,2020 Five Points,,3 100.10 ASSAULT ON INCAR INDIV 100.13 FIGHTING 104.11 VIOLENT CONDUCT 6,5.0,180
2022-06-02,2020 Five Points,,3 100.10 ASSAULT ON INCAR INDIV 113.10 WEAPON 100.13 FIGHTING 6,6.0,200
2022-06-02,915 Franklin,,3 102.10 THREATS 1,1.0,60
2022-06-02,910 Franklin,,3 113.10 WEAPON 113.11 ALTERED ITEM 3,2.0,50
2022-06-02,1045 Gouverneur,,3 102.10 THREATS 106.10 DIRECT ORDER 2,2.0,4
2022-06-02,1300 Great Meadow,,3 104.11 VIOLENT CONDUCT 104.12 DEMONSTRATION 114.10 SMUGGLING 7,7.0,60
2022-06-02,940 Greene,,3 102.10 THREATS 104.11 VIOLENT CONDUCT 106.10 DIRECT ORDER 5,5.0,90
2022-06-02,1830 Greene,,3 106.10 DIRECT ORDER 107.10 INTERFERENCE 109.12 MOVEMENT VIO 3,3.0,60
2022-06-02,925 Lakeview,,3 102.10 THREATS 104.11 VIOLENT CONDUCT 106.10 DIRECT ORDER 5,4.0,13
2022-06-02,1425 Marcy,,3 118.22 UNHYGIENIC ACT 1,1.0,180
2022-06-02,1005 Marcy,,3 114.10 SMUGGLING 1,1.0,90
2022-06-02,1150 Mid-State,,3 100.13 FIGHTING 104.11 VIOLENT CONDUCT 106.10 DIRECT ORDER 5,4.0,45
2022-06-02,1150 Mid-State,,3 100.13 FIGHTING 4,1.0,29
2022-06-02,1745 Orleans,,3 105.13 GANGS 1,1.0,15
2022-06-02,1145 Sullivan,,3 113.10 WEAPON 1,1.0,120
2022-06-02,1050 Upstate,,3 104.11 VIOLENT CONDUCT 106.10 DIRECT ORDER 107.10 INTERFERENCE 3,3.0,90
2022-06-02,1210 Upstate,,3 100.13 FIGHTING 104.11 VIOLENT CONDUCT 106.10 DIRECT ORDER 3,3.0,120
2022-06-02,1210 Upstate,,3 100.13 FIGHTING 104.11 VIOLENT CONDUCT 106.10 DIRECT ORDER 3,3.0,60
2022-06-02,655 Washington,,3 100.10 ASSAULT ON INCAR INDIV 104.11 VIOLENT CONDUCT 106.10 DIRECT ORDER 5,5.0,45
2022-06-02,2035 Wyoming,,3 100.11 ASSAULT ON STAFF 102.10 THREATS 102.10 THREATS 7,7.0,60
2022-06-03,1224 Attica,,3 106.10 DIRECT ORDER 107.10 INTERFERENCE 109.12 MOVEMENT VIO 3,3.0,19
2022-06-03,1630 Auburn,,3 102.10 THREATS 106.10 DIRECT ORDER 107.10 INTERFERENCE 6,5.0,45
2022-06-03,1720 Bare Hill,,3 102.10 THREATS 1,1.0,16
2022-06-03,1530 Bare Hill,,3 102.10 THREATS 106.10 DIRECT ORDER 109.12 MOVEMENT VIO 3,3.0,44
2022-06-03,1437 Cayuga,,3 106.10 DIRECT ORDER 107.10 INTERFERENCE 104.13 CREATE DISTURB 5,5.0,45
2022-06-03,1437 Cayuga,,3 118.10 ARSON 106.10 DIRECT ORDER 107.10 INTERFERENCE 6,5.0,90
2022-06-03,900 Fishkill,,3 102.10 THREATS 107.11 HARASSMENT 2,2.0,45
,,,"Disciplinary Incidents Originally Resulting in a SHU sanction - June 2022 (Dismissals Excluded, Only Guilty Rule Violations Included) As of July 1, 2022",,
Date,Time Facility,,TIER Guilty1 G1Label Guilty2 G2Label Guilty3 G3Label Total Infractions Total Guilty Infractions,,Original SHU Days
2022-06-03,1610 Five Points,,3 100.10 ASSAULT ON INCAR INDIV 113.10 WEAPON 100.13 FIGHTING 6,6.0,180
2022-06-03,1610 Five Points,,3 100.13 FIGHTING 104.11 VIOLENT CONDUCT 106.10 DIRECT ORDER 4,4.0,45
2022-06-03,1250 Five Points,,3 100.11 ASSAULT ON STAFF 104.11 VIOLENT CONDUCT 106.10 DIRECT ORDER 4,4.0,180
2022-06-03,1715 Five Points,,3 102.10 THREATS 104.11 VIOLENT CONDUCT 106.10 DIRECT ORDER 6,6.0,90
2022-06-03,1935 Franklin,,3 100.10 ASSAULT ON INCAR INDIV 104.11 VIOLENT CONDUCT 106.10 DIRECT ORDER 3,3.0,176
2022-06-03,140 Franklin,,3 100.13 FIGHTING 102.10 THREATS 104.13 CREATE DISTURB 3,3.0,27
2022-06-03,747 Gouverneur,,3 100.13 FIGHTING 104.11 VIOLENT CONDUCT 106.10 DIRECT ORDER 4,4.0,60
2022-06-03,1540 Great Meadow,,3 106.10 DIRECT ORDER 101.20 LEWD CONDUCT 107.10 INTERFERENCE 3,3.0,60
2022-06-03,945 Great Meadow,,3 102.10 THREATS 104.13 CREATE DISTURB 107.11 HARASSMENT 4,3.0,120
2022-06-03,1915 Great Meadow,,3 102.10 THREATS 3,1.0,33
2022-06-03,905 Green Haven,,3 118.22 UNHYGIENIC ACT 102.10 THREATS 104.11 VIOLENT CONDUCT 7,6.0,94
2022-06-03,1740 Greene,,3 113.10 WEAPON 113.23 CONTRABAND 116.10 LOSS/DAMAGE PROP 4,4.0,60
2022-06-03,800 Marcy,,3 118.10 ARSON 106.10 DIRECT ORDER 113.23 CONTRABAND 6,6.0,120
2022-06-03,2045 Marcy,,3 100.11 ASSAULT ON STAFF 113.10 WEAPON 104.11 VIOLENT CONDUCT 6,6.0,134
2022-06-03,920 Mid-State,,3 106.10 DIRECT ORDER 107.10 INTERFERENCE 3,2.0,11
2022-06-03,1730 Orleans,,3 105.13 GANGS 1,1.0,5
2022-06-03,1207 Sullivan,,3 101.20 LEWD CONDUCT 107.11 HARASSMENT 2,2.0,60
2022-06-03,2121 Upstate,,3 100.13 FIGHTING 104.11 VIOLENT CONDUCT 106.10 DIRECT ORDER 5,5.0,180
2022-06-03,1226 Upstate,,3 113.10 WEAPON 100.13 FIGHTING 114.10 SMUGGLING 5,5.0,150
2022-06-03,1115 Upstate,,3 106.10 DIRECT ORDER 107.10 INTERFERENCE 4,2.0,30
2022-06-03,2249 Washington,,3 106.10 DIRECT ORDER 104.13 CREATE DISTURB 4,2.0,4
2022-06-03,950 Wende,,3 113.10 WEAPON 114.10 SMUGGLING 113.23 CONTRABAND 4,4.0,210
2022-06-03,1445 Wende,,3 100.11 ASSAULT ON STAFF 118.22 UNHYGIENIC ACT 104.11 VIOLENT CONDUCT 4,4.0,365
2022-06-03,1105 Wyoming,,3 106.10 DIRECT ORDER 107.10 INTERFERENCE 109.12 MOVEMENT VIO 4,4.0,15
2022-06-03,2050 Wyoming,,3 105.13 GANGS 114.10 SMUGGLING 113.23 CONTRABAND 3,3.0,75
2022-06-04,515 Auburn,,3 102.10 THREATS 104.12 DEMONSTRATION 106.10 DIRECT ORDER 7,5.0,90
2022-06-04,1330 Cayuga,,3 107.10 INTERFERENCE 104.13 CREATE DISTURB 107.11 HARASSMENT 3,3.0,30
2022-06-04,815 Clinton,,3 100.11 ASSAULT ON STAFF 118.22 UNHYGIENIC ACT 102.10 THREATS 14,14.0,270
2022-06-04,1040 Clinton,,3 100.11 ASSAULT ON STAFF 104.11 VIOLENT CONDUCT 106.10 DIRECT ORDER 5,5.0,60
2022-06-04,935 Coxsackie,,3 113.10 WEAPON 2,1.0,180
2022-06-04,1616 Elmira,,3 113.10 WEAPON 113.23 CONTRABAND 2,2.0,365
2022-06-04,1522 Elmira,,3 100.13 FIGHTING 104.11 VIOLENT CONDUCT 106.10 DIRECT ORDER 4,4.0,90
2022-06-04,1522 Elmira,,3 100.13 FIGHTING 104.11 VIOLENT CONDUCT 106.10 DIRECT ORDER 4,4.0,120
2022-06-04,1522 Elmira,,3 100.13 FIGHTING 104.11 VIOLENT CONDUCT 106.10 DIRECT ORDER 4,4.0,90
2022-06-04,1522 Elmira,,3 100.13 FIGHTING 104.11 VIOLENT CONDUCT 106.10 DIRECT ORDER 4,4.0,30
2022-06-04,1522 Elmira,,3 100.13 FIGHTING 104.11 VIOLENT CONDUCT 106.10 DIRECT ORDER 4,4.0,80
2022-06-04,1522 Elmira,,3 100.13 FIGHTING 104.11 VIOLENT CONDUCT 106.10 DIRECT ORDER 4,4.0,120
2022-06-04,1945 Elmira,,3 100.10 ASSAULT ON INCAR INDIV 100.13 FIGHTING 104.11 VIOLENT CONDUCT 4,4.0,90
2022-06-04,1522 Elmira,,3 100.13 FIGHTING 104.11 VIOLENT CONDUCT 104.13 CREATE DISTURB 4,3.0,80
2022-06-04,1522 Elmira,,3 100.13 FIGHTING 104.11 VIOLENT CONDUCT 106.10 DIRECT ORDER 4,4.0,15
2022-06-04,1522 Elmira,,3 113.10 WEAPON 100.13 FIGHTING 104.11 VIOLENT CONDUCT 7,6.0,180
2022-06-04,1522 Elmira,,3 100.13 FIGHTING 104.11 VIOLENT CONDUCT 104.11 VIOLENT CONDUCT 6,6.0,40
2022-06-04,1522 Elmira,,3 100.13 FIGHTING 104.11 VIOLENT CONDUCT 104.13 CREATE DISTURB 4,3.0,30
2022-06-04,1522 Elmira,,3 100.13 FIGHTING 104.11 VIOLENT CONDUCT 106.10 DIRECT ORDER 4,4.0,61
2022-06-04,1205 Five Points,,3 100.13 FIGHTING 104.11 VIOLENT CONDUCT 106.10 DIRECT ORDER 4,4.0,30
2022-06-04,1205 Five Points,,3 100.13 FIGHTING 104.11 VIOLENT CONDUCT 106.10 DIRECT ORDER 4,4.0,90
2022-06-04,820 Five Points,,3 100.11 ASSAULT ON STAFF 104.11 VIOLENT CONDUCT 115.10 SEARCH/FRISK 5,4.0,545
,,,"Disciplinary Incidents Originally Resulting in a SHU sanction - June 2022 (Dismissals Excluded, Only Guilty Rule Violations Included) As of July 1, 2022",,
Date,Time Facility,,TIER Guilty1 G1Label Guilty2 G2Label Guilty3 G3Label Total Infractions Total Guilty Infractions,,Original SHU Days
2022-06-04,2120 Five Points,,3 100.11 ASSAULT ON STAFF 104.11 VIOLENT CONDUCT 115.10 SEARCH/FRISK 5,5.0,60
2022-06-04,1450 Great Meadow,,3 101.20 LEWD CONDUCT 2,1.0,64
2022-06-04,2015 Great Meadow,,3 100.13 FIGHTING 104.11 VIOLENT CONDUCT 106.10 DIRECT ORDER 4,4.0,193
2022-06-04,900 Great Meadow,,3 113.10 WEAPON 114.10 SMUGGLING 113.23 CONTRABAND 3,3.0,365
2022-06-04,1215 Great Meadow,,3 106.10 DIRECT ORDER 101.20 LEWD CONDUCT 107.11 HARASSMENT 3,3.0,30
2022-06-04,2015 Great Meadow,,3 100.13 FIGHTING 104.11 VIOLENT CONDUCT 106.10 DIRECT ORDER 4,4.0,120
2022-06-04,1102 Great Meadow,,3 102.10 THREATS 107.11 HARASSMENT 2,2.0,15
2022-06-04,2015 Great Meadow,,3 106.10 DIRECT ORDER 104.13 CREATE DISTURB 3,2.0,15
2022-06-04,2110 Great Meadow,,3 100.13 FIGHTING 106.10 DIRECT ORDER 104.13 CREATE DISTURB 4,3.0,19
2022-06-04,300 Great Meadow,,3 107.11 HARASSMENT 5,1.0,4
2022-06-04,1606 Greene,,3 107.10 INTERFERENCE 104.13 CREATE DISTURB 107.11 HARASSMENT 7,4.0,20
2022-06-04,1700 Greene,,3 102.10 THREATS 106.10 DIRECT ORDER 107.10 INTERFERENCE 4,4.0,60
2022-06-04,1845 Greene,,3 106.10 DIRECT ORDER 107.10 INTERFERENCE 104.13 CREATE DISTURB 6,4.0,20
2022-06-04,715 Mohawk,,3 102.10 THREATS 106.10 DIRECT ORDER 181.10 HEARING DISP 4,4.0,30
2022-06-04,1655 Shawangunk,,3 101.20 LEWD CONDUCT 107.10 INTERFERENCE 3,2.0,26
2022-06-04,750 Sing Sing,,3 100.10 ASSAULT ON INCAR INDIV 113.10 WEAPON 100.13 FIGHTING 6,6.0,263
2022-06-04,945 Upstate,,3 106.10 DIRECT ORDER 107.10 INTERFERENCE 2,2.0,30
2022-06-04,1516 Upstate,,3 104.11 VIOLENT CONDUCT 106.10 DIRECT ORDER 107.10 INTERFERENCE 3,3.0,65
2022-06-04,1932 Upstate,,3 104.11 VIOLENT CONDUCT 106.10 DIRECT ORDER 106.10 DIRECT ORDER 5,4.0,30
2022-06-04,1245 Upstate,,3 102.10 THREATS 106.10 DIRECT ORDER 107.10 INTERFERENCE 4,4.0,30
2022-06-04,1449 Upstate,,3 104.11 VIOLENT CONDUCT 106.10 DIRECT ORDER 107.10 INTERFERENCE 3,3.0,60
2022-06-04,915 Upstate,,3 106.10 DIRECT ORDER 107.10 INTERFERENCE 104.13 CREATE DISTURB 3,3.0,30
2022-06-04,1240 Wallkill,,3 100.11 ASSAULT ON STAFF 106.10 DIRECT ORDER 5,2.0,33
2022-06-05,1 Bare Hill,,3 100.10 ASSAULT ON INCAR INDIV 104.11 VIOLENT CONDUCT 4,2.0,165
2022-06-05,1730 Bare Hill,,3 100.13 FIGHTING 104.11 VIOLENT CONDUCT 106.10 DIRECT ORDER 4,4.0,30
2022-06-05,1 Bare Hill,,3 100.10 ASSAULT ON INCAR INDIV 104.11 VIOLENT CONDUCT 4,2.0,100
2022-06-05,1 Bare Hill,,3 100.10 ASSAULT ON INCAR INDIV 113.10 WEAPON 104.11 VIOLENT CONDUCT 4,3.0,180
2022-06-05,1730 Bare Hill,,3 100.13 FIGHTING 104.11 VIOLENT CONDUCT 106.10 DIRECT ORDER 4,3.0,30
2022-06-05,1730 Bare Hill,,3 100.13 FIGHTING 104.11 VIOLENT CONDUCT 106.10 DIRECT ORDER 4,4.0,45
2022-06-05,1730 Bare Hill,,3 100.13 FIGHTING 104.11 VIOLENT CONDUCT 106.10 DIRECT ORDER 4,4.0,30
2022-06-05,1730 Bare Hill,,3 100.10 ASSAULT ON INCAR INDIV 113.10 WEAPON 100.13 FIGHTING 6,6.0,214
2022-06-05,1948 Cape Vincent,,3 100.11 ASSAULT ON STAFF 101.22 STALKING 104.11 VIOLENT CONDUCT 8,8.0,180
2022-06-05,1130 Cayuga,,3 106.10 DIRECT ORDER 101.20 LEWD CONDUCT 104.13 CREATE DISTURB 5,4.0,15
2022-06-05,1835 Clinton,,3 100.13 FIGHTING 104.11 VIOLENT CONDUCT 106.10 DIRECT ORDER 4,4.0,90
2022-06-05,1835 Clinton,,3 100.13 FIGHTING 106.10 DIRECT ORDER 4,2.0,14
2022-06-05,825 Clinton,,3 100.11 ASSAULT ON STAFF 104.11 VIOLENT CONDUCT 115.10 SEARCH/FRISK 6,5.0,120
2022-06-05,730 Clinton,,3 100.11 ASSAULT ON STAFF 100.11 ASSAULT ON STAFF 100.13 FIGHTING 13,12.0,120
2022-06-05,1835 Clinton,,3 100.13 FIGHTING 106.10 DIRECT ORDER 4,2.0,15
2022-06-05,900 Elmira,,3 113.10 WEAPON 114.10 SMUGGLING 2,2.0,270
2022-06-05,831 Elmira,,3 100.13 FIGHTING 104.11 VIOLENT CONDUCT 106.10 DIRECT ORDER 4,4.0,89
2022-06-05,1950 Elmira,,3 100.11 ASSAULT ON STAFF 104.11 VIOLENT CONDUCT 106.10 DIRECT ORDER 8,4.0,90
2022-06-05,831 Elmira,,3 100.13 FIGHTING 104.11 VIOLENT CONDUCT 106.10 DIRECT ORDER 4,4.0,90
2022-06-05,830 Elmira,,3 100.13 FIGHTING 104.11 VIOLENT CONDUCT 106.10 DIRECT ORDER 4,4.0,120
2022-06-05,1735 Elmira,,3 100.10 ASSAULT ON INCAR INDIV 104.11 VIOLENT CONDUCT 104.13 CREATE DISTURB 4,3.0,60
2022-06-05,831 Elmira,,3 113.10 WEAPON 100.13 FIGHTING 104.11 VIOLENT CONDUCT 5,5.0,180
2022-06-05,831 Elmira,,3 113.10 WEAPON 100.13 FIGHTING 104.11 VIOLENT CONDUCT 5,4.0,90
2022-06-05,1255 Great Meadow,,3 100.11 ASSAULT ON STAFF 104.11 VIOLENT CONDUCT 180.10 FACIL VISITING 4,4.0,60
,,,"Disciplinary Incidents Originally Resulting in a SHU sanction - June 2022 (Dismissals Excluded, Only Guilty Rule Violations Included) As of July 1, 2022",,
Date,Time,Facility,TIER Guilty1 G1Label Guilty2 G2Label Guilty3 G3Label Total Infractions Total Guilty Infractions,,Original SHU Days
2022-06-05,1155 Great Meadow,,3 113.10 WEAPON 113.23 CONTRABAND 2,2.0,90
2022-06-05,945 Green Haven,,3 111.11 POSSESS EMP PROP 101.22 STALKING 114.10 SMUGGLING 7,7.0,102
2022-06-05,1725 Marcy,,3 113.10 WEAPON 113.23 CONTRABAND 113.11 ALTERED ITEM 3,3.0,180
2022-06-05,1920 Marcy,,3 100.11 ASSAULT ON STAFF 100.11 ASSAULT ON STAFF 104.11 VIOLENT CONDUCT 11,5.0,57
2022-06-05,1930 Mid-State,,3 100.13 FIGHTING 104.11 VIOLENT CONDUCT 104.13 CREATE DISTURB 5,3.0,29
2022-06-05,1930 Mid-State,,3 100.13 FIGHTING 104.11 VIOLENT CONDUCT 107.10 INTERFERENCE 4,4.0,48
2022-06-05,1530 Mohawk,,3 102.10 THREATS 104.11 VIOLENT CONDUCT 114.10 SMUGGLING 5,5.0,90
2022-06-05,1640 Orleans,,3 100.13 FIGHTING 104.11 VIOLENT CONDUCT 104.13 CREATE DISTURB 3,3.0,30
2022-06-05,1640 Orleans,,3 100.13 FIGHTING 104.11 VIOLENT CONDUCT 104.13 CREATE DISTURB 3,3.0,30
2022-06-05,1940 Otisville,,3 100.10 ASSAULT ON INCAR INDIV 104.11 VIOLENT CONDUCT 2,2.0,90
2022-06-05,1040 Sing Sing,,3 100.10 ASSAULT ON INCAR INDIV 100.13 FIGHTING 104.11 VIOLENT CONDUCT 4,3.0,210
2022-06-05,1100 Sullivan,,3 102.10 THREATS 106.10 DIRECT ORDER 101.20 LEWD CONDUCT 5,5.0,60
2022-06-05,1335 Ulster,,3 100.13 FIGHTING 106.10 DIRECT ORDER 104.13 CREATE DISTURB 3,3.0,15
2022-06-05,1335 Ulster,,3 100.13 FIGHTING 106.10 DIRECT ORDER 104.13 CREATE DISTURB 3,3.0,15
2022-06-05,1921 Upstate,,3 100.13 FIGHTING 106.10 DIRECT ORDER 107.10 INTERFERENCE 4,3.0,45
2022-06-05,1921 Upstate,,3 100.13 FIGHTING 104.11 VIOLENT CONDUCT 106.10 DIRECT ORDER 4,4.0,60
2022-06-05,1115 Wende,,3 102.10 THREATS 104.11 VIOLENT CONDUCT 3,2.0,90
2022-06-05,1910 Wende,,3 100.13 FIGHTING 104.11 VIOLENT CONDUCT 106.10 DIRECT ORDER 4,4.0,62
2022-06-05,1910 Wende,,3 100.13 FIGHTING 104.11 VIOLENT CONDUCT 106.10 DIRECT ORDER 4,4.0,2
2022-06-05,745 Woodbourne,,3 100.10 ASSAULT ON INCAR INDIV 100.13 FIGHTING 104.11 VIOLENT CONDUCT 4,4.0,15
2022-06-06,1600 Attica,,3 113.10 WEAPON 113.23 CONTRABAND 113.11 ALTERED ITEM 3,3.0,119
2022-06-06,1405 Auburn,,3 102.10 THREATS 107.10 INTERFERENCE 104.13 CREATE DISTURB 4,4.0,30
2022-06-06,750 Bare Hill,,3 102.10 THREATS 106.10 DIRECT ORDER 104.13 CREATE DISTURB 4,3.0,44
2022-06-06,1205 Collins,,3 106.10 DIRECT ORDER 107.10 INTERFERENCE 109.12 MOVEMENT VIO 3,3.0,3
2022-06-06,1625 Elmira,,3 113.10 WEAPON 113.10 WEAPON 2,2.0,269
2022-06-06,1550 Elmira,,3 100.13 FIGHTING 104.11 VIOLENT CONDUCT 106.10 DIRECT ORDER 4,4.0,90
2022-06-06,1550 Elmira,,3 100.13 FIGHTING 104.11 VIOLENT CONDUCT 106.10 DIRECT ORDER 4,4.0,90
2022-06-06,1140 Five Points,,3 106.10 DIRECT ORDER 109.15 REFUSE DBL CELLING 107.10 INTERFERENCE 3,3.0,30
2022-06-06,1235 Five Points,,3 102.10 THREATS 115.10 SEARCH/FRISK 106.10 DIRECT ORDER 5,5.0,120
2022-06-06,2035 Franklin,,3 102.10 THREATS 106.10 DIRECT ORDER 109.12 MOVEMENT VIO 3,3.0,29
2022-06-06,2100 Franklin,,3 102.10 THREATS 106.10 DIRECT ORDER 109.12 MOVEMENT VIO 3,3.0,45
2022-06-06,1845 Great Meadow,,3 113.10 WEAPON 114.10 SMUGGLING 113.23 CONTRABAND 3,3.0,270
2022-06-06,1250 Great Meadow,,3 104.11 VIOLENT CONDUCT 107.10 INTERFERENCE 104.13 CREATE DISTURB 6,5.0,90
2022-06-06,1250 Great Meadow,,3 104.11 VIOLENT CONDUCT 106.10 DIRECT ORDER 107.10 INTERFERENCE 6,6.0,90
2022-06-06,1215 Great Meadow,,3 113.10 WEAPON 104.11 VIOLENT CONDUCT 115.10 SEARCH/FRISK 4,4.0,179
2022-06-06,1915 Groveland,,3 113.10 WEAPON 1,1.0,90
2022-06-06,1510 Groveland,,3 106.10 DIRECT ORDER 107.10 INTERFERENCE 109.10 OUT OF PLACE 3,3.0,2
2022-06-06,1400 Mid-State,,3 107.10 INTERFERENCE 5,1.0,14
2022-06-06,1415 Mid-State,,3 100.11 ASSAULT ON STAFF 104.11 VIOLENT CONDUCT 101.20 LEWD CONDUCT 3,3.0,60
2022-06-06,800 Mohawk,,3 113.10 WEAPON 113.23 CONTRABAND 113.11 ALTERED ITEM 3,3.0,60
2022-06-06,1014 Mohawk,,3 100.10 ASSAULT ON INCAR INDIV 100.13 FIGHTING 104.11 VIOLENT CONDUCT 3,3.0,60
2022-06-06,1014 Mohawk,,3 100.10 ASSAULT ON INCAR INDIV 100.13 FIGHTING 104.11 VIOLENT CONDUCT 3,3.0,90
2022-06-06,2045 Otisville,,3 104.11 VIOLENT CONDUCT 106.10 DIRECT ORDER 104.13 CREATE DISTURB 4,3.0,183
2022-06-06,1755 Otisville,,3 113.10 WEAPON 1,1.0,183
2022-06-06,1745 Otisville,,3 113.23 CONTRABAND 2,1.0,119
2022-06-06,1025 Riverview,,3 100.11 ASSAULT ON STAFF 104.11 VIOLENT CONDUCT 115.10 SEARCH/FRISK 8,6.0,143
2022-06-06,1100 Sing Sing,,3 114.10 SMUGGLING 113.23 CONTRABAND 2,2.0,309
,,,"Disciplinary Incidents Originally Resulting in a SHU sanction - June 2022 (Dismissals Excluded, Only Guilty Rule Violations Included) As of July 1, 2022",,
Date,Time Facility,,TIER Guilty1 G1Label Guilty2 G2Label Guilty3 G3Label Total Infractions Total Guilty Infractions,,Original SHU Days
2022-06-06,1135 Sullivan,,3 100.11 ASSAULT ON STAFF 106.10 DIRECT ORDER 104.13 CREATE DISTURB 3,3.0,365
2022-06-06,2115 Upstate,,3 102.10 THREATS 104.11 VIOLENT CONDUCT 106.10 DIRECT ORDER 6,5.0,30
2022-06-06,2213 Upstate,,3 100.13 FIGHTING 106.10 DIRECT ORDER 3,2.0,30
2022-06-06,1145 Wende,,3 102.10 THREATS 107.11 HARASSMENT 3,2.0,30
2022-06-06,1810 Wyoming,,3 102.10 THREATS 104.11 VIOLENT CONDUCT 104.13 CREATE DISTURB 3,3.0,57
2022-06-06,1750 Wyoming,,3 113.10 WEAPON 113.23 CONTRABAND 113.11 ALTERED ITEM 3,3.0,277
2022-06-07,836 Bare Hill,,3 102.10 THREATS 106.10 DIRECT ORDER 106.10 DIRECT ORDER 10,7.0,13
2022-06-07,1815 Cayuga,,3 106.10 DIRECT ORDER 107.10 INTERFERENCE 104.13 CREATE DISTURB 6,5.0,90
2022-06-07,1900 Clinton,,3 100.11 ASSAULT ON STAFF 104.11 VIOLENT CONDUCT 115.10 SEARCH/FRISK 5,5.0,100
2022-06-07,920 Collins,,3 107.20 FALSE INFORMATION 109.12 MOVEMENT VIO 109.10 OUT OF PLACE 5,3.0,8
2022-06-07,1530 Coxsackie,,3 102.10 THREATS 106.10 DIRECT ORDER 107.10 INTERFERENCE 5,5.0,30
2022-06-07,1400 Coxsackie,,3 104.13 CREATE DISTURB 3,1.0,3
2022-06-07,1650 Fishkill,,3 113.23 CONTRABAND 113.14 UNAUTH MEDIC 3,2.0,15
2022-06-07,930 Fishkill,,3 100.11 ASSAULT ON STAFF 102.10 THREATS 104.11 VIOLENT CONDUCT 5,5.0,120
2022-06-07,1045 Fishkill,,3 100.11 ASSAULT ON STAFF 104.11 VIOLENT CONDUCT 107.10 INTERFERENCE 5,4.0,270
2022-06-07,1220 Five Points,,3 100.10 ASSAULT ON INCAR INDIV 104.11 VIOLENT CONDUCT 106.10 DIRECT ORDER 5,5.0,210
2022-06-07,850 Five Points,,3 100.11 ASSAULT ON STAFF 118.22 UNHYGIENIC ACT 2,2.0,120
2022-06-07,1220 Five Points,,3 100.11 ASSAULT ON STAFF 104.11 VIOLENT CONDUCT 106.10 DIRECT ORDER 5,5.0,365
2022-06-07,905 Franklin,,3 104.11 VIOLENT CONDUCT 115.10 SEARCH/FRISK 106.10 DIRECT ORDER 6,5.0,14
2022-06-07,1920 Gouverneur,,3 114.10 SMUGGLING 113.23 CONTRABAND 2,2.0,124
2022-06-07,1600 Green Haven,,3 101.20 LEWD CONDUCT 107.10 INTERFERENCE 107.11 HARASSMENT 4,3.0,48
2022-06-07,1025 Green Haven,,3 100.11 ASSAULT ON STAFF 102.10 THREATS 104.11 VIOLENT CONDUCT 7,7.0,97
2022-06-07,1320 Greene,,3 113.10 WEAPON 114.10 SMUGGLING 106.10 DIRECT ORDER 6,6.0,60
2022-06-07,1050 Lakeview,,3 118.22 UNHYGIENIC ACT 102.10 THREATS 104.11 VIOLENT CONDUCT 4,4.0,200
2022-06-07,2115 Lakeview,,3 104.11 VIOLENT CONDUCT 106.10 DIRECT ORDER 107.10 INTERFERENCE 5,4.0,90
2022-06-07,1930 Marcy,,3 105.13 GANGS 114.10 SMUGGLING 113.34 DRUG USE 3,3.0,90
2022-06-07,1610 Orleans,,3 100.13 FIGHTING 104.11 VIOLENT CONDUCT 113.23 CONTRABAND 3,3.0,89
2022-06-07,1610 Orleans,,3 100.13 FIGHTING 2,1.0,5
2022-06-07,901 Orleans,,3 102.10 THREATS 106.10 DIRECT ORDER 109.12 MOVEMENT VIO 4,4.0,30
2022-06-07,825 Sing Sing,,3 113.10 WEAPON 113.23 CONTRABAND 2,2.0,214
2022-06-07,855 Sing Sing,,3 113.10 WEAPON 1,1.0,134
2022-06-07,1650 Sing Sing,,3 113.10 WEAPON 114.10 SMUGGLING 2,2.0,295
2022-06-07,1310 Sullivan,,3 102.10 THREATS 104.11 VIOLENT CONDUCT 106.10 DIRECT ORDER 4,4.0,90
2022-06-07,930 Sullivan,,3 118.22 UNHYGIENIC ACT 104.12 DEMONSTRATION 106.10 DIRECT ORDER 7,7.0,120
2022-06-07,2025 Ulster,,3 114.10 SMUGGLING 113.23 CONTRABAND 2,2.0,90
2022-06-07,1136 Upstate,,3 100.13 FIGHTING 104.11 VIOLENT CONDUCT 106.10 DIRECT ORDER 4,4.0,60
2022-06-07,1136 Upstate,,3 100.13 FIGHTING 104.11 VIOLENT CONDUCT 106.10 DIRECT ORDER 4,4.0,120
2022-06-07,2025 Upstate,,3 104.11 VIOLENT CONDUCT 106.10 DIRECT ORDER 107.10 INTERFERENCE 4,4.0,60
2022-06-07,1922 Upstate,,3 102.10 THREATS 106.10 DIRECT ORDER 107.10 INTERFERENCE 5,4.0,120
2022-06-07,608 Washington,,3 102.10 THREATS 104.12 DEMONSTRATION 106.10 DIRECT ORDER 6,5.0,47
2022-06-07,940 Washington,,3 113.10 WEAPON 113.23 CONTRABAND 113.11 ALTERED ITEM 5,3.0,119
2022-06-07,608 Washington,,3 102.10 THREATS 104.12 DEMONSTRATION 106.10 DIRECT ORDER 6,4.0,90
2022-06-07,608 Washington,,3 102.10 THREATS 104.12 DEMONSTRATION 106.10 DIRECT ORDER 6,6.0,44
2022-06-07,608 Washington,,3 104.12 DEMONSTRATION 106.10 DIRECT ORDER 107.11 HARASSMENT 6,4.0,45
2022-06-07,928 Washington,,3 113.10 WEAPON 113.23 CONTRABAND 113.11 ALTERED ITEM 3,3.0,89
2022-06-07,608 Washington,,3 102.10 THREATS 104.12 DEMONSTRATION 106.10 DIRECT ORDER 6,6.0,45
2022-06-07,608 Washington,,3 102.10 THREATS 104.12 DEMONSTRATION 106.10 DIRECT ORDER 6,6.0,66
,,,"Disciplinary Incidents Originally Resulting in a SHU sanction - June 2022 (Dismissals Excluded, Only Guilty Rule Violations Included) As of July 1, 2022",,
Date,Time Facility,,TIER Guilty1 G1Label Guilty2 G2Label Guilty3 G3Label Total Infractions Total Guilty Infractions,,Original SHU Days
2022-06-07,730 Wyoming,,3 102.10 THREATS 104.11 VIOLENT CONDUCT 106.10 DIRECT ORDER 6,5.0,120
2022-06-07,1330 Wyoming,,3 106.10 DIRECT ORDER 107.10 INTERFERENCE 104.13 CREATE DISTURB 4,4.0,52
2022-06-08,710 Albion,,3 100.11 ASSAULT ON STAFF 118.22 UNHYGIENIC ACT 2,2.0,60
2022-06-08,1300 Auburn,,3 113.10 WEAPON 1,1.0,90
2022-06-08,1013 Bare Hill,,3 102.10 THREATS 104.13 CREATE DISTURB 4,2.0,22
2022-06-08,1250 Clinton,,3 101.20 LEWD CONDUCT 3,1.0,52
2022-06-08,830 Collins,,3 106.10 DIRECT ORDER 107.10 INTERFERENCE 2,2.0,2
2022-06-08,2100 Collins,,3 113.10 WEAPON 2,1.0,180
2022-06-08,830 Collins,,3 106.10 DIRECT ORDER 107.10 INTERFERENCE 2,2.0,2
2022-06-08,830 Collins,,3 106.10 DIRECT ORDER 107.10 INTERFERENCE 2,2.0,2
2022-06-08,830 Collins,,3 106.10 DIRECT ORDER 107.10 INTERFERENCE 2,2.0,2
2022-06-08,1045 Elmira,,3 100.11 ASSAULT ON STAFF 104.11 VIOLENT CONDUCT 115.10 SEARCH/FRISK 5,5.0,60
2022-06-08,1310 Fishkill,,3 114.10 SMUGGLING 113.33 DRUG POSSES 113.34 DRUG USE 3,3.0,15
2022-06-08,725 Fishkill,,3 104.11 VIOLENT CONDUCT 107.10 INTERFERENCE 112.22 OBSTRUCT VISIB 3,3.0,90
2022-06-08,1914 Fishkill,,3 118.10 ARSON 106.10 DIRECT ORDER 9,2.0,30
2022-06-08,800 Five Points,,3 118.22 UNHYGIENIC ACT 104.11 VIOLENT CONDUCT 106.10 DIRECT ORDER 5,5.0,365
2022-06-08,928 Franklin,,3 100.10 ASSAULT ON INCAR INDIV 104.11 VIOLENT CONDUCT 2,2.0,123
2022-06-08,815 Gouverneur,,3 104.11 VIOLENT CONDUCT 115.10 SEARCH/FRISK 106.10 DIRECT ORDER 5,5.0,90
2022-06-08,1045 Great Meadow,,3 113.10 WEAPON 114.10 SMUGGLING 113.23 CONTRABAND 3,3.0,270
2022-06-08,1437 Green Haven,,3 113.10 WEAPON 113.23 CONTRABAND 113.11 ALTERED ITEM 3,3.0,90
2022-06-08,800 Greene,,3 102.10 THREATS 106.10 DIRECT ORDER 107.11 HARASSMENT 3,3.0,45
2022-06-08,525 Groveland,,3 106.10 DIRECT ORDER 107.10 INTERFERENCE 109.12 MOVEMENT VIO 3,3.0,2
2022-06-08,1700 Groveland,,3 106.10 DIRECT ORDER 107.10 INTERFERENCE 109.12 MOVEMENT VIO 3,3.0,2
2022-06-08,910 Mid-State,,3 113.10 WEAPON 113.11 ALTERED ITEM 2,2.0,15
2022-06-08,845 Mid-State,,3 113.23 CONTRABAND 1,1.0,5
2022-06-08,2103 Mohawk,,3 100.10 ASSAULT ON INCAR INDIV 100.13 FIGHTING 104.11 VIOLENT CONDUCT 4,4.0,90
2022-06-08,2103 Mohawk,,3 100.10 ASSAULT ON INCAR INDIV 100.13 FIGHTING 104.11 VIOLENT CONDUCT 4,4.0,182
2022-06-08,745 Mohawk,,3 113.23 CONTRABAND 113.32 ALCOLHOL/DRUG DIST 2,2.0,30
2022-06-08,1055 Riverview,,3 100.11 ASSAULT ON STAFF 104.11 VIOLENT CONDUCT 106.10 DIRECT ORDER 5,5.0,60
2022-06-08,1315 Riverview,,3 113.10 WEAPON 114.10 SMUGGLING 113.23 CONTRABAND 4,4.0,180
2022-06-08,715 Shawangunk,,3 100.11 ASSAULT ON STAFF 106.10 DIRECT ORDER 3,2.0,42
2022-06-08,945 Sing Sing,,3 113.10 WEAPON 2,1.0,240
2022-06-08,1130 Sullivan,,3 113.10 WEAPON 114.10 SMUGGLING 113.23 CONTRABAND 4,4.0,180
2022-06-08,1950 Sullivan,,3 102.10 THREATS 104.11 VIOLENT CONDUCT 106.10 DIRECT ORDER 4,4.0,60
2022-06-08,820 Upstate,,3 104.11 VIOLENT CONDUCT 106.10 DIRECT ORDER 2,2.0,90
2022-06-08,1610 Upstate,,3 100.13 FIGHTING 104.11 VIOLENT CONDUCT 106.10 DIRECT ORDER 4,4.0,30
2022-06-08,1855 Upstate,,3 100.13 FIGHTING 104.11 VIOLENT CONDUCT 107.10 INTERFERENCE 4,4.0,90
2022-06-08,715 Washington,,3 102.10 THREATS 104.12 DEMONSTRATION 107.10 INTERFERENCE 6,6.0,201
2022-06-08,845 Washington,,3 102.10 THREATS 104.11 VIOLENT CONDUCT 106.10 DIRECT ORDER 5,5.0,120
2022-06-08,1315 Wende,,3 100.13 FIGHTING 104.11 VIOLENT CONDUCT 106.10 DIRECT ORDER 3,3.0,60
2022-06-08,1315 Wende,,3 100.13 FIGHTING 104.11 VIOLENT CONDUCT 106.10 DIRECT ORDER 5,3.0,60
2022-06-08,1610 Wyoming,,3 102.10 THREATS 104.11 VIOLENT CONDUCT 107.11 HARASSMENT 3,3.0,50
2022-06-09,1025 Albion,,3 102.10 THREATS 104.11 VIOLENT CONDUCT 106.10 DIRECT ORDER 6,5.0,10
2022-06-09,1545 Albion,,3 100.13 FIGHTING 104.11 VIOLENT CONDUCT 106.10 DIRECT ORDER 4,4.0,20
2022-06-09,1545 Albion,,3 104.11 VIOLENT CONDUCT 106.10 DIRECT ORDER 104.13 CREATE DISTURB 4,3.0,12
2022-06-09,805 Attica,,3 102.10 THREATS 104.11 VIOLENT CONDUCT 107.10 INTERFERENCE 5,5.0,90
2022-06-09,1800 Auburn,,3 100.11 ASSAULT ON STAFF 113.10 WEAPON 104.11 VIOLENT CONDUCT 14,10.0,120
,,,"Disciplinary Incidents Originally Resulting in a SHU sanction - June 2022 (Dismissals Excluded, Only Guilty Rule Violations Included) As of July 1, 2022",,
Date,Time Facility,,TIER Guilty1 G1Label Guilty2 G2Label Guilty3 G3Label Total Infractions Total Guilty Infractions,,Original SHU Days
2022-06-09,1740 Cayuga,,3 102.10 THREATS 115.10 SEARCH/FRISK 106.10 DIRECT ORDER 10,10.0,30
2022-06-09,1100 Clinton,,3 113.10 WEAPON 114.10 SMUGGLING 2,2.0,120
2022-06-09,1820 Clinton,,3 118.10 ARSON 104.13 CREATE DISTURB 116.10 LOSS/DAMAGE PROP 3,3.0,195
2022-06-09,900 Coxsackie,,3 118.22 UNHYGIENIC ACT 114.10 SMUGGLING 113.23 CONTRABAND 3,3.0,270
2022-06-09,850 Coxsackie,,3 100.11 ASSAULT ON STAFF 104.11 VIOLENT CONDUCT 107.10 INTERFERENCE 4,3.0,59
2022-06-09,1015 Coxsackie,,3 100.11 ASSAULT ON STAFF 118.22 UNHYGIENIC ACT 2,2.0,180
2022-06-09,1230 Eastern,,3 104.11 VIOLENT CONDUCT 107.10 INTERFERENCE 104.13 CREATE DISTURB 3,3.0,45
2022-06-09,1200 Five Points,,3 100.11 ASSAULT ON STAFF 118.22 UNHYGIENIC ACT 102.10 THREATS 6,6.0,365
2022-06-09,828 Franklin,,3 102.10 THREATS 104.11 VIOLENT CONDUCT 115.10 SEARCH/FRISK 7,6.0,89
2022-06-09,1220 Franklin,,3 102.10 THREATS 106.10 DIRECT ORDER 104.13 CREATE DISTURB 5,3.0,60
2022-06-09,2215 Franklin,,3 102.10 THREATS 106.10 DIRECT ORDER 2,2.0,51
2022-06-09,2115 Great Meadow,,3 100.13 FIGHTING 104.11 VIOLENT CONDUCT 106.10 DIRECT ORDER 4,4.0,90
2022-06-09,1220 Great Meadow,,3 100.10 ASSAULT ON INCAR INDIV 113.10 WEAPON 104.11 VIOLENT CONDUCT 4,4.0,365
2022-06-09,740 Great Meadow,,3 102.10 THREATS 107.10 INTERFERENCE 104.13 CREATE DISTURB 4,4.0,60
2022-06-09,830 Groveland,,3 100.10 ASSAULT ON INCAR INDIV 104.11 VIOLENT CONDUCT 2,2.0,180
2022-06-09,1250 Groveland,,3 113.10 WEAPON 113.23 CONTRABAND 113.11 ALTERED ITEM 3,3.0,180
2022-06-09,705 Marcy,,3 102.10 THREATS 1,1.0,90
2022-06-09,1400 Orleans,,3 105.13 GANGS 113.33 DRUG POSSES 2,2.0,89
2022-06-09,750 Orleans,,3 100.13 FIGHTING 104.11 VIOLENT CONDUCT 104.13 CREATE DISTURB 3,3.0,60
2022-06-09,2202 Riverview,,3 100.13 FIGHTING 104.11 VIOLENT CONDUCT 106.10 DIRECT ORDER 4,4.0,59
2022-06-09,2203 Riverview,,3 105.13 GANGS 1,1.0,15
2022-06-09,2202 Riverview,,3 100.13 FIGHTING 104.11 VIOLENT CONDUCT 106.10 DIRECT ORDER 4,4.0,60
2022-06-09,2203 Riverview,,3 105.13 GANGS 1,1.0,25
2022-06-09,2203 Riverview,,3 105.13 GANGS 1,1.0,30
2022-06-09,2203 Riverview,,3 105.13 GANGS 1,1.0,24
2022-06-09,915 Sing Sing,,3 113.10 WEAPON 1,1.0,299
2022-06-09,1525 Ulster,,3 104.11 VIOLENT CONDUCT 118.23 UNREPORTED ILL 2,2.0,30
2022-06-09,1001 Upstate,,3 104.11 VIOLENT CONDUCT 106.10 DIRECT ORDER 124.12 UTENSILS 3,3.0,90
2022-06-09,845 Upstate,,3 104.11 VIOLENT CONDUCT 106.10 DIRECT ORDER 104.13 CREATE DISTURB 4,3.0,30
2022-06-09,817 Washington,,3 104.11 VIOLENT CONDUCT 110.10 NO ID CARD 4,2.0,29
2022-06-09,2000 Wyoming,,3 113.10 WEAPON 1,1.0,180
2022-06-09,1645 Wyoming,,3 100.11 ASSAULT ON STAFF 104.11 VIOLENT CONDUCT 115.10 SEARCH/FRISK 5,5.0,60
2022-06-10,1900 Attica,,3 114.10 SMUGGLING 113.23 CONTRABAND 2,2.0,179
2022-06-10,1200 Bare Hill,,3 102.10 THREATS 104.11 VIOLENT CONDUCT 106.10 DIRECT ORDER 6,6.0,90
2022-06-10,1240 Cayuga,,3 115.10 SEARCH/FRISK 106.10 DIRECT ORDER 107.10 INTERFERENCE 5,5.0,15
2022-06-10,1030 Collins,,3 106.10 DIRECT ORDER 107.10 INTERFERENCE 109.12 MOVEMENT VIO 3,3.0,3
2022-06-10,1030 Collins,,3 106.10 DIRECT ORDER 107.10 INTERFERENCE 2,2.0,3
2022-06-10,1030 Collins,,3 106.10 DIRECT ORDER 107.10 INTERFERENCE 109.12 MOVEMENT VIO 3,3.0,3
2022-06-10,1030 Collins,,3 106.10 DIRECT ORDER 107.10 INTERFERENCE 109.12 MOVEMENT VIO 3,3.0,3
2022-06-10,1030 Collins,,3 106.10 DIRECT ORDER 107.10 INTERFERENCE 109.12 MOVEMENT VIO 3,3.0,4
2022-06-10,732 Coxsackie,,3 100.13 FIGHTING 104.11 VIOLENT CONDUCT 2,2.0,30
2022-06-10,1640 Coxsackie,,3 100.13 FIGHTING 106.10 DIRECT ORDER 2,2.0,89
2022-06-10,743 Elmira,,3 100.10 ASSAULT ON INCAR INDIV 113.10 WEAPON 100.13 FIGHTING 6,6.0,60
2022-06-10,1000 Fishkill,,3 104.11 VIOLENT CONDUCT 5,1.0,11
2022-06-10,1807 Five Points,,3 100.13 FIGHTING 104.11 VIOLENT CONDUCT 106.10 DIRECT ORDER 4,4.0,90
2022-06-10,1807 Five Points,,3 100.13 FIGHTING 104.11 VIOLENT CONDUCT 106.10 DIRECT ORDER 4,4.0,30
2022-06-10,1140 Franklin,,3 102.10 THREATS 106.10 DIRECT ORDER 107.10 INTERFERENCE 5,5.0,60
,,,"Disciplinary Incidents Originally Resulting in a SHU sanction - June 2022 (Dismissals Excluded, Only Guilty Rule Violations Included) As of July 1, 2022",,
Date,Time Facility,,TIER Guilty1 G1Label Guilty2 G2Label Guilty3 G3Label Total Infractions Total Guilty Infractions,,Original SHU Days
2022-06-10,1120 Gouverneur,,3 102.10 THREATS 104.11 VIOLENT CONDUCT 106.10 DIRECT ORDER 4,4.0,119
2022-06-10,352 Green Haven,,3 102.10 THREATS 104.11 VIOLENT CONDUCT 106.10 DIRECT ORDER 6,6.0,94
2022-06-10,1230 Green Haven,,3 108.10 ESCAPE 100.11 ASSAULT ON STAFF 107.10 INTERFERENCE 4,4.0,635
2022-06-10,2100 Green Haven,,3 104.11 VIOLENT CONDUCT 106.10 DIRECT ORDER 109.12 MOVEMENT VIO 4,3.0,29
2022-06-10,2040 Groveland,,3 106.10 DIRECT ORDER 107.10 INTERFERENCE 109.12 MOVEMENT VIO 3,3.0,45
2022-06-10,2035 Groveland,,3 106.10 DIRECT ORDER 107.10 INTERFERENCE 109.12 MOVEMENT VIO 3,3.0,49
2022-06-10,1300 Lakeview,,3 104.11 VIOLENT CONDUCT 106.10 DIRECT ORDER 104.13 CREATE DISTURB 6,6.0,14
2022-06-10,1835 Marcy,,3 100.10 ASSAULT ON INCAR INDIV 104.11 VIOLENT CONDUCT 104.13 CREATE DISTURB 3,3.0,60
2022-06-10,1835 Marcy,,3 100.10 ASSAULT ON INCAR INDIV 104.11 VIOLENT CONDUCT 104.13 CREATE DISTURB 3,3.0,60
2022-06-10,1500 Mid-State,,3 102.10 THREATS 105.13 GANGS 2,2.0,90
2022-06-10,725 Mid-State,,3 104.11 VIOLENT CONDUCT 115.10 SEARCH/FRISK 2,2.0,14
2022-06-10,1200 Mohawk,,3 102.10 THREATS 104.11 VIOLENT CONDUCT 105.13 GANGS 3,3.0,45
2022-06-10,1230 Mohawk,,3 102.10 THREATS 104.11 VIOLENT CONDUCT 105.13 GANGS 3,3.0,60
2022-06-10,1545 Mohawk,,3 102.10 THREATS 106.10 DIRECT ORDER 119.10 FALSE ALARM 5,5.0,30
2022-06-10,1820 Mohawk,,3 102.10 THREATS 107.10 INTERFERENCE 104.13 CREATE DISTURB 5,3.0,29
2022-06-10,1230 Orleans,,3 102.10 THREATS 104.11 VIOLENT CONDUCT 104.12 DEMONSTRATION 7,7.0,60
2022-06-10,1545 Orleans,,3 102.10 THREATS 104.11 VIOLENT CONDUCT 106.10 DIRECT ORDER 7,7.0,90
2022-06-10,1930 Sing Sing,,3 113.10 WEAPON 114.10 SMUGGLING 113.23 CONTRABAND 3,3.0,250
2022-06-10,1930 Sullivan,,3 100.13 FIGHTING 104.11 VIOLENT CONDUCT 104.13 CREATE DISTURB 3,3.0,45
2022-06-10,750 Sullivan,,3 100.11 ASSAULT ON STAFF 102.10 THREATS 104.11 VIOLENT CONDUCT 5,5.0,365
2022-06-10,2235 Upstate,,3 100.13 FIGHTING 104.11 VIOLENT CONDUCT 2,2.0,30
2022-06-10,2235 Upstate,,3 100.13 FIGHTING 104.11 VIOLENT CONDUCT 2,2.0,30
2022-06-10,1020 Wende,,3 100.13 FIGHTING 104.11 VIOLENT CONDUCT 106.10 DIRECT ORDER 3,3.0,14
2022-06-10,1055 Wende,,3 100.11 ASSAULT ON STAFF 100.13 FIGHTING 104.11 VIOLENT CONDUCT 7,7.0,270
2022-06-11,2318 Attica,,3 100.11 ASSAULT ON STAFF 118.10 ARSON 118.22 UNHYGIENIC ACT 4,4.0,185
2022-06-11,2145 Cayuga,,3 101.20 LEWD CONDUCT 107.11 HARASSMENT 2,2.0,45
2022-06-11,1220 Clinton,,3 113.10 WEAPON 113.11 ALTERED ITEM 2,2.0,250
2022-06-11,1221 Clinton,,3 100.13 FIGHTING 104.11 VIOLENT CONDUCT 104.13 CREATE DISTURB 4,3.0,100
2022-06-11,705 Clinton,,3 100.13 FIGHTING 104.11 VIOLENT CONDUCT 106.10 DIRECT ORDER 4,4.0,60
2022-06-11,1220 Clinton,,3 100.13 FIGHTING 104.11 VIOLENT CONDUCT 106.10 DIRECT ORDER 4,4.0,36
2022-06-11,705 Clinton,,3 100.13 FIGHTING 104.11 VIOLENT CONDUCT 106.10 DIRECT ORDER 4,4.0,30
2022-06-11,1220 Clinton,,3 100.13 FIGHTING 104.11 VIOLENT CONDUCT 106.10 DIRECT ORDER 4,4.0,62
2022-06-11,1220 Clinton,,3 100.13 FIGHTING 104.11 VIOLENT CONDUCT 106.10 DIRECT ORDER 4,4.0,15
2022-06-11,1220 Clinton,,3 100.13 FIGHTING 104.11 VIOLENT CONDUCT 104.13 CREATE DISTURB 3,3.0,30
2022-06-11,2110 Great Meadow,,3 100.13 FIGHTING 104.11 VIOLENT CONDUCT 106.10 DIRECT ORDER 4,4.0,90
2022-06-11,1700 Greene,,3 113.10 WEAPON 113.23 CONTRABAND 2,2.0,93
2022-06-11,744 Greene,,3 100.13 FIGHTING 104.11 VIOLENT CONDUCT 106.10 DIRECT ORDER 5,5.0,15
2022-06-11,744 Greene,,3 104.11 VIOLENT CONDUCT 106.10 DIRECT ORDER 5,2.0,15
2022-06-11,1050 Orleans,,3 102.10 THREATS 107.10 INTERFERENCE 2,2.0,30
2022-06-11,1030 Otisville,,3 100.13 FIGHTING 104.11 VIOLENT CONDUCT 3,2.0,115
2022-06-11,1905 Riverview,,3 100.13 FIGHTING 104.11 VIOLENT CONDUCT 106.10 DIRECT ORDER 4,4.0,30
2022-06-11,1905 Riverview,,3 100.13 FIGHTING 104.11 VIOLENT CONDUCT 106.10 DIRECT ORDER 4,4.0,30
2022-06-11,1340 Sullivan,,3 118.22 UNHYGIENIC ACT 1,1.0,60
2022-06-11,1340 Sullivan,,3 118.22 UNHYGIENIC ACT 1,1.0,60
2022-06-11,1205 Upstate,,3 100.11 ASSAULT ON STAFF 118.22 UNHYGIENIC ACT 104.11 VIOLENT CONDUCT 3,3.0,730
2022-06-11,1700 Upstate,,3 100.10 ASSAULT ON INCAR INDIV 113.10 WEAPON 100.13 FIGHTING 7,6.0,730
2022-06-11,1551 Upstate,,3 100.13 FIGHTING 106.10 DIRECT ORDER 2,2.0,30
,,,"Disciplinary Incidents Originally Resulting in a SHU sanction - June 2022 (Dismissals Excluded, Only Guilty Rule Violations Included) As of July 1, 2022",,
Date,Time Facility,,TIER Guilty1 G1Label Guilty2 G2Label Guilty3 G3Label Total Infractions Total Guilty Infractions,,Original SHU Days
2022-06-11,1551 Upstate,,3 100.13 FIGHTING 106.10 DIRECT ORDER 2,2.0,90
2022-06-11,2000 Upstate,,3 100.13 FIGHTING 104.11 VIOLENT CONDUCT 2,2.0,60
2022-06-11,2000 Upstate,,3 100.13 FIGHTING 104.11 VIOLENT CONDUCT 2,2.0,30
2022-06-11,1030 Wyoming,,3 114.10 SMUGGLING 180.10 FACIL VISITING 113.23 CONTRABAND 6,6.0,120
2022-06-11,2150 Wyoming,,3 113.10 WEAPON 113.23 CONTRABAND 2,2.0,90
2022-06-11,2150 Wyoming,,3 113.10 WEAPON 114.10 SMUGGLING 106.10 DIRECT ORDER 6,3.0,193
2022-06-12,1820 Clinton,,3 100.11 ASSAULT ON STAFF 100.11 ASSAULT ON STAFF 118.22 UNHYGIENIC ACT 10,10.0,365
2022-06-12,648 Coxsackie,,3 100.11 ASSAULT ON STAFF 118.22 UNHYGIENIC ACT 104.11 VIOLENT CONDUCT 4,4.0,180
2022-06-12,1540 Elmira,,3 100.11 ASSAULT ON STAFF 1,1.0,40
2022-06-12,2115 Marcy,,3 100.11 ASSAULT ON STAFF 104.11 VIOLENT CONDUCT 114.10 SMUGGLING 6,6.0,90
2022-06-12,850 Mid-State,,3 113.10 WEAPON 107.20 FALSE INFORMATION 2,2.0,94
2022-06-12,2015 Sullivan,,3 114.10 SMUGGLING 115.10 SEARCH/FRISK 106.10 DIRECT ORDER 4,4.0,180
2022-06-12,925 Sullivan,,3 100.11 ASSAULT ON STAFF 118.22 UNHYGIENIC ACT 104.11 VIOLENT CONDUCT 4,4.0,180
2022-06-12,1505 Wende,,3 100.13 FIGHTING 104.11 VIOLENT CONDUCT 106.10 DIRECT ORDER 4,4.0,3
2022-06-12,1505 Wende,,3 100.13 FIGHTING 104.11 VIOLENT CONDUCT 106.10 DIRECT ORDER 4,4.0,33
2022-06-12,1045 Woodbourne,,3 100.10 ASSAULT ON INCAR INDIV 100.13 FIGHTING 104.11 VIOLENT CONDUCT 5,5.0,40
2022-06-12,1045 Woodbourne,,3 100.10 ASSAULT ON INCAR INDIV 100.13 FIGHTING 104.11 VIOLENT CONDUCT 5,5.0,50
2022-06-13,1945 Albion,,3 114.10 SMUGGLING 113.14 UNAUTH MEDIC 2,2.0,15
2022-06-13,1935 Auburn,,3 100.11 ASSAULT ON STAFF 113.10 WEAPON 104.11 VIOLENT CONDUCT 6,6.0,302
2022-06-13,1702 Auburn,,3 100.11 ASSAULT ON STAFF 100.13 FIGHTING 104.11 VIOLENT CONDUCT 10,10.0,120
2022-06-13,1135 Auburn,,3 113.10 WEAPON 100.13 FIGHTING 104.11 VIOLENT CONDUCT 5,4.0,62
2022-06-13,1655 Bare Hill,,3 114.10 SMUGGLING 115.10 SEARCH/FRISK 106.10 DIRECT ORDER 4,4.0,93
2022-06-13,1740 Bedford Hills,,3 118.22 UNHYGIENIC ACT 106.10 DIRECT ORDER 104.13 CREATE DISTURB 3,3.0,60
2022-06-13,909 Cape Vincent,,3 104.11 VIOLENT CONDUCT 106.10 DIRECT ORDER 104.13 CREATE DISTURB 3,3.0,45
2022-06-13,845 Cape Vincent,,3 102.10 THREATS 106.10 DIRECT ORDER 106.10 DIRECT ORDER 5,5.0,90
2022-06-13,1100 Collins,,3 106.10 DIRECT ORDER 107.10 INTERFERENCE 109.12 MOVEMENT VIO 3,3.0,2
2022-06-13,1050 Collins,,3 106.10 DIRECT ORDER 107.10 INTERFERENCE 109.12 MOVEMENT VIO 3,3.0,30
2022-06-13,735 Collins,,3 100.13 FIGHTING 104.11 VIOLENT CONDUCT 2,2.0,15
2022-06-13,1530 Coxsackie,,3 104.11 VIOLENT CONDUCT 114.10 SMUGGLING 115.10 SEARCH/FRISK 5,5.0,60
2022-06-13,1220 Fishkill,,3 100.11 ASSAULT ON STAFF 118.22 UNHYGIENIC ACT 104.11 VIOLENT CONDUCT 6,4.0,180
2022-06-13,945 Five Points,,3 100.11 ASSAULT ON STAFF 106.10 DIRECT ORDER 2,2.0,45
2022-06-13,2150 Franklin,,3 102.10 THREATS 106.10 DIRECT ORDER 109.12 MOVEMENT VIO 3,3.0,36
2022-06-13,200 Franklin,,3 100.13 FIGHTING 104.11 VIOLENT CONDUCT 106.10 DIRECT ORDER 5,5.0,24
2022-06-13,200 Franklin,,3 100.13 FIGHTING 104.11 VIOLENT CONDUCT 4,2.0,41
2022-06-13,1855 Gouverneur,,3 102.10 THREATS 106.10 DIRECT ORDER 109.15 REFUSE DBL CELLING 4,3.0,90
2022-06-13,1235 Gouverneur,,3 102.10 THREATS 106.10 DIRECT ORDER 109.15 REFUSE DBL CELLING 4,3.0,30
2022-06-13,1915 Gouverneur,,3 102.10 THREATS 106.10 DIRECT ORDER 104.13 CREATE DISTURB 3,3.0,93
2022-06-13,700 Great Meadow,,3 102.10 THREATS 106.10 DIRECT ORDER 107.10 INTERFERENCE 3,3.0,30
2022-06-13,1350 Greene,,3 100.13 FIGHTING 104.11 VIOLENT CONDUCT 107.10 INTERFERENCE 3,3.0,30
2022-06-13,1045 Greene,,3 114.10 SMUGGLING 113.23 CONTRABAND 113.11 ALTERED ITEM 3,3.0,60
2022-06-13,1120 Greene,,3 114.10 SMUGGLING 113.23 CONTRABAND 2,2.0,90
2022-06-13,1515 Greene,,3 100.10 ASSAULT ON INCAR INDIV 113.10 WEAPON 100.13 FIGHTING 8,6.0,120
2022-06-13,640 Lakeview,,3 100.11 ASSAULT ON STAFF 102.10 THREATS 104.11 VIOLENT CONDUCT 5,5.0,48
2022-06-13,650 Lakeview,,3 100.11 ASSAULT ON STAFF 102.10 THREATS 104.11 VIOLENT CONDUCT 7,6.0,180
2022-06-13,1840 Sing Sing,,3 113.10 WEAPON 114.10 SMUGGLING 113.23 CONTRABAND 3,3.0,350
2022-06-13,945 Sullivan,,3 102.10 THREATS 104.11 VIOLENT CONDUCT 104.13 CREATE DISTURB 4,4.0,90
2022-06-13,705 Upstate,,3 100.11 ASSAULT ON STAFF 104.11 VIOLENT CONDUCT 107.10 INTERFERENCE 4,3.0,60
,,,"Disciplinary Incidents Originally Resulting in a SHU sanction - June 2022 (Dismissals Excluded, Only Guilty Rule Violations Included) As of July 1, 2022",,
Date,Time Facility,,TIER Guilty1 G1Label Guilty2 G2Label Guilty3 G3Label Total Infractions Total Guilty Infractions,,Original SHU Days
2022-06-14,1300 Auburn,,3 113.10 WEAPON 114.10 SMUGGLING 2,2.0,270
2022-06-14,1034 Cape Vincent,,3 100.11 ASSAULT ON STAFF 104.11 VIOLENT CONDUCT 106.10 DIRECT ORDER 4,4.0,60
2022-06-14,1110 Collins,,3 102.10 THREATS 104.11 VIOLENT CONDUCT 104.13 CREATE DISTURB 3,3.0,30
2022-06-14,1715 Coxsackie,,3 102.10 THREATS 104.11 VIOLENT CONDUCT 2,2.0,90
2022-06-14,1515 Coxsackie,,3 113.10 WEAPON 113.23 CONTRABAND 113.11 ALTERED ITEM 3,3.0,180
2022-06-14,2045 Elmira,,3 100.10 ASSAULT ON INCAR INDIV 113.10 WEAPON 100.13 FIGHTING 6,6.0,330
2022-06-14,2045 Elmira,,3 100.10 ASSAULT ON INCAR INDIV 113.10 WEAPON 100.13 FIGHTING 6,6.0,365
2022-06-14,730 Gouverneur,,3 114.10 SMUGGLING 113.23 CONTRABAND 2,2.0,44
2022-06-14,1510 Great Meadow,,3 106.10 DIRECT ORDER 101.20 LEWD CONDUCT 2,2.0,30
2022-06-14,1115 Great Meadow,,3 106.10 DIRECT ORDER 101.20 LEWD CONDUCT 107.11 HARASSMENT 3,3.0,60
2022-06-14,1900 Great Meadow,,3 106.10 DIRECT ORDER 101.20 LEWD CONDUCT 2,2.0,30
2022-06-14,1249 Green Haven,,3 100.10 ASSAULT ON INCAR INDIV 113.10 WEAPON 114.10 SMUGGLING 4,3.0,153
2022-06-14,818 Greene,,3 101.20 LEWD CONDUCT 107.11 HARASSMENT 3,2.0,30
2022-06-14,905 Greene,,3 100.11 ASSAULT ON STAFF 104.11 VIOLENT CONDUCT 106.10 DIRECT ORDER 4,4.0,59
2022-06-14,1400 Lakeview,,3 102.10 THREATS 104.11 VIOLENT CONDUCT 106.10 DIRECT ORDER 6,5.0,30
2022-06-14,1210 Lakeview,,3 102.10 THREATS 104.11 VIOLENT CONDUCT 106.10 DIRECT ORDER 6,6.0,44
2022-06-14,830 Mid-State,,3 101.22 STALKING 2,1.0,44
2022-06-14,1400 Mid-State,,3 100.10 ASSAULT ON INCAR INDIV 100.13 FIGHTING 104.11 VIOLENT CONDUCT 3,3.0,200
2022-06-14,1840 Riverview,,3 102.10 THREATS 104.11 VIOLENT CONDUCT 106.10 DIRECT ORDER 6,5.0,45
2022-06-14,830 Taconic,,3 114.10 SMUGGLING 113.16 UNAUTH VALUABLE 3,2.0,60
2022-06-14,1000 Upstate,,3 106.10 DIRECT ORDER 106.10 DIRECT ORDER 109.15 REFUSE DBL CELLING 9,9.0,60
2022-06-14,1930 Upstate,,3 114.10 SMUGGLING 106.10 DIRECT ORDER 116.10 LOSS/DAMAGE PROP 3,3.0,90
2022-06-14,740 Wallkill,,3 100.11 ASSAULT ON STAFF 114.10 SMUGGLING 115.10 SEARCH/FRISK 4,4.0,60
2022-06-14,2250 Wyoming,,3 104.10 RIOTING 104.11 VIOLENT CONDUCT 104.12 DEMONSTRATION 6,6.0,270
2022-06-14,1645 Wyoming,,3 104.11 VIOLENT CONDUCT 106.10 DIRECT ORDER 104.13 CREATE DISTURB 5,3.0,119
2022-06-14,2130 Wyoming,,3 100.10 ASSAULT ON INCAR INDIV 100.13 FIGHTING 104.11 VIOLENT CONDUCT 4,4.0,120
2022-06-14,835 Wyoming,,3 106.10 DIRECT ORDER 107.10 INTERFERENCE 109.12 MOVEMENT VIO 3,3.0,60
2022-06-14,1835 Wyoming,,3 100.10 ASSAULT ON INCAR INDIV 113.10 WEAPON 100.13 FIGHTING 7,6.0,365
2022-06-14,2130 Wyoming,,3 100.13 FIGHTING 104.11 VIOLENT CONDUCT 118.23 UNREPORTED ILL 3,3.0,95
2022-06-14,1835 Wyoming,,3 100.10 ASSAULT ON INCAR INDIV 113.10 WEAPON 100.13 FIGHTING 7,6.0,700
2022-06-14,1835 Wyoming,,3 100.13 FIGHTING 104.11 VIOLENT CONDUCT 106.10 DIRECT ORDER 5,4.0,80
2022-06-14,2130 Wyoming,,3 100.10 ASSAULT ON INCAR INDIV 100.13 FIGHTING 104.11 VIOLENT CONDUCT 4,3.0,123
2022-06-14,1835 Wyoming,,3 100.10 ASSAULT ON INCAR INDIV 113.10 WEAPON 100.13 FIGHTING 7,6.0,270
2022-06-14,1835 Wyoming,,3 100.13 FIGHTING 104.11 VIOLENT CONDUCT 106.10 DIRECT ORDER 5,4.0,30
2022-06-14,2245 Wyoming,,3 104.12 DEMONSTRATION 106.10 DIRECT ORDER 107.10 INTERFERENCE 7,5.0,64
2022-06-14,1835 Wyoming,,3 100.13 FIGHTING 104.11 VIOLENT CONDUCT 106.10 DIRECT ORDER 5,4.0,60
2022-06-14,2225 Wyoming,,3 100.11 ASSAULT ON STAFF 104.11 VIOLENT CONDUCT 115.10 SEARCH/FRISK 6,5.0,60
2022-06-14,2130 Wyoming,,3 100.13 FIGHTING 104.11 VIOLENT CONDUCT 118.23 UNREPORTED ILL 4,3.0,30
2022-06-14,2045 Wyoming,,3 102.10 THREATS 104.11 VIOLENT CONDUCT 105.13 GANGS 5,5.0,30
2022-06-15,845 Albion,,3 107.10 INTERFERENCE 104.13 CREATE DISTURB 107.20 FALSE INFORMATION 6,6.0,90
2022-06-15,1845 Albion,,3 104.11 VIOLENT CONDUCT 104.13 CREATE DISTURB 116.10 LOSS/DAMAGE PROP 3,3.0,30
2022-06-15,740 Auburn,,3 100.10 ASSAULT ON INCAR INDIV 100.13 FIGHTING 104.13 CREATE DISTURB 4,4.0,60
2022-06-15,740 Auburn,,3 100.10 ASSAULT ON INCAR INDIV 100.13 FIGHTING 104.13 CREATE DISTURB 4,4.0,60
2022-06-15,740 Auburn,,3 100.13 FIGHTING 104.11 VIOLENT CONDUCT 104.13 CREATE DISTURB 5,3.0,15
2022-06-15,1305 Bare Hill,,3 102.10 THREATS 106.10 DIRECT ORDER 109.12 MOVEMENT VIO 6,4.0,30
2022-06-15,1750 Clinton,,3 113.10 WEAPON 114.10 SMUGGLING 113.11 ALTERED ITEM 3,3.0,150
2022-06-15,1100 Clinton,,3 100.13 FIGHTING 104.11 VIOLENT CONDUCT 106.10 DIRECT ORDER 4,4.0,102
,,,"Disciplinary Incidents Originally Resulting in a SHU sanction - June 2022 (Dismissals Excluded, Only Guilty Rule Violations Included) As of July 1, 2022",,
Date,Time Facility,,TIER Guilty1 G1Label Guilty2 G2Label Guilty3 G3Label Total Infractions Total Guilty Infractions,,Original SHU Days
2022-06-15,1200 Clinton,,3 100.13 FIGHTING 104.11 VIOLENT CONDUCT 106.10 DIRECT ORDER 4,4.0,100
2022-06-15,1100 Clinton,,3 100.13 FIGHTING 104.11 VIOLENT CONDUCT 106.10 DIRECT ORDER 4,4.0,120
2022-06-15,1155 Clinton,,3 100.13 FIGHTING 4,1.0,6
2022-06-15,1155 Clinton,,3 100.13 FIGHTING 104.11 VIOLENT CONDUCT 106.10 DIRECT ORDER 4,4.0,45
2022-06-15,1020 Elmira,,3 100.11 ASSAULT ON STAFF 104.11 VIOLENT CONDUCT 106.10 DIRECT ORDER 4,4.0,60
2022-06-15,1935 Franklin,,3 102.10 THREATS 3,1.0,45
2022-06-15,1301 Franklin,,3 114.10 SMUGGLING 113.23 CONTRABAND 4,2.0,45
2022-06-15,1301 Franklin,,3 114.10 SMUGGLING 113.23 CONTRABAND 5,2.0,45
2022-06-15,2116 Franklin,,3 100.13 FIGHTING 104.11 VIOLENT CONDUCT 4,2.0,45
2022-06-15,1555 Franklin,,3 113.10 WEAPON 1,1.0,93
2022-06-15,927 Great Meadow,,3 100.13 FIGHTING 104.11 VIOLENT CONDUCT 106.10 DIRECT ORDER 4,4.0,120
2022-06-15,1645 Great Meadow,,3 118.22 UNHYGIENIC ACT 102.10 THREATS 106.10 DIRECT ORDER 6,6.0,60
2022-06-15,810 Great Meadow,,3 100.13 FIGHTING 104.11 VIOLENT CONDUCT 106.10 DIRECT ORDER 4,4.0,90
2022-06-15,812 Great Meadow,,3 113.10 WEAPON 114.10 SMUGGLING 2,2.0,90
2022-06-15,930 Great Meadow,,3 102.10 THREATS 104.11 VIOLENT CONDUCT 2,2.0,120
2022-06-15,810 Great Meadow,,3 100.13 FIGHTING 104.11 VIOLENT CONDUCT 106.10 DIRECT ORDER 4,4.0,30
2022-06-15,200 Green Haven,,3 101.20 LEWD CONDUCT 1,1.0,7
2022-06-15,750 Greene,,3 102.10 THREATS 106.10 DIRECT ORDER 107.11 HARASSMENT 3,3.0,30
2022-06-15,1806 Greene,,3 100.13 FIGHTING 104.11 VIOLENT CONDUCT 104.13 CREATE DISTURB 3,3.0,30
2022-06-15,2105 Greene,,3 100.13 FIGHTING 104.11 VIOLENT CONDUCT 104.13 CREATE DISTURB 4,3.0,30
2022-06-15,2145 Groveland,,3 102.10 THREATS 104.11 VIOLENT CONDUCT 2,2.0,32
2022-06-15,1120 Lakeview,,3 104.11 VIOLENT CONDUCT 106.10 DIRECT ORDER 104.13 CREATE DISTURB 5,4.0,7
2022-06-15,2350 Marcy,,3 100.11 ASSAULT ON STAFF 100.13 FIGHTING 104.11 VIOLENT CONDUCT 6,6.0,60
2022-06-15,2300 Marcy,,3 100.10 ASSAULT ON INCAR INDIV 100.13 FIGHTING 104.11 VIOLENT CONDUCT 7,4.0,92
2022-06-15,1948 Mohawk,,3 100.10 ASSAULT ON INCAR INDIV 100.13 FIGHTING 104.11 VIOLENT CONDUCT 4,4.0,180
2022-06-15,1948 Mohawk,,3 100.13 FIGHTING 104.11 VIOLENT CONDUCT 2,2.0,60
2022-06-15,1252 Mohawk,,3 102.10 THREATS 104.11 VIOLENT CONDUCT 106.10 DIRECT ORDER 4,4.0,90
2022-06-15,1948 Mohawk,,3 102.10 THREATS 104.12 DEMONSTRATION 106.10 DIRECT ORDER 6,5.0,180
2022-06-15,1948 Mohawk,,3 102.10 THREATS 104.12 DEMONSTRATION 106.10 DIRECT ORDER 6,6.0,80
2022-06-15,900 Mohawk,,3 114.10 SMUGGLING 113.23 CONTRABAND 2,2.0,15
2022-06-15,829 Orleans,,3 105.13 GANGS 1,1.0,120
2022-06-15,831 Orleans,,3 105.13 GANGS 1,1.0,60
2022-06-15,945 Wende,,3 105.13 GANGS 114.10 SMUGGLING 180.10 FACIL VISITING 7,7.0,120
2022-06-15,1720 Wyoming,,3 102.10 THREATS 106.10 DIRECT ORDER 107.10 INTERFERENCE 4,4.0,60
2022-06-15,900 Wyoming,,3 113.10 WEAPON 113.23 CONTRABAND 113.11 ALTERED ITEM 3,3.0,100
2022-06-16,2000 Attica,,3 100.10 ASSAULT ON INCAR INDIV 113.10 WEAPON 104.11 VIOLENT CONDUCT 4,4.0,364
2022-06-16,1740 Auburn,,3 100.13 FIGHTING 104.11 VIOLENT CONDUCT 109.12 MOVEMENT VIO 5,4.0,60
2022-06-16,1740 Auburn,,3 100.10 ASSAULT ON INCAR INDIV 104.11 VIOLENT CONDUCT 109.12 MOVEMENT VIO 5,4.0,90
2022-06-16,2225 Bare Hill,,3 102.10 THREATS 104.11 VIOLENT CONDUCT 107.11 HARASSMENT 3,3.0,64
2022-06-16,715 Bare Hill,,3 100.13 FIGHTING 104.11 VIOLENT CONDUCT 106.10 DIRECT ORDER 3,3.0,45
2022-06-16,715 Bare Hill,,3 100.13 FIGHTING 104.11 VIOLENT CONDUCT 114.10 SMUGGLING 5,5.0,100
2022-06-16,735 Cape Vincent,,3 100.11 ASSAULT ON STAFF 104.11 VIOLENT CONDUCT 115.10 SEARCH/FRISK 6,6.0,62
2022-06-16,1645 Great Meadow,,3 102.10 THREATS 106.10 DIRECT ORDER 107.11 HARASSMENT 4,3.0,60
2022-06-16,1235 Green Haven,,3 104.11 VIOLENT CONDUCT 106.10 DIRECT ORDER 107.10 INTERFERENCE 4,4.0,30
2022-06-16,115 Green Haven,,3 101.20 LEWD CONDUCT 2,1.0,1
2022-06-16,2215 Lakeview,,3 104.11 VIOLENT CONDUCT 115.10 SEARCH/FRISK 106.10 DIRECT ORDER 6,5.0,120
2022-06-16,1710 Lakeview,,3 106.10 DIRECT ORDER 104.13 CREATE DISTURB 4,2.0,5
,,,"Disciplinary Incidents Originally Resulting in a SHU sanction - June 2022 (Dismissals Excluded, Only Guilty Rule Violations Included) As of July 1, 2022",,
Date,Time Facility,,TIER Guilty1 G1Label Guilty2 G2Label Guilty3 G3Label Total Infractions Total Guilty Infractions,,Original SHU Days
2022-06-16,1945 Mohawk,,3 104.11 VIOLENT CONDUCT 105.13 GANGS 104.13 CREATE DISTURB 3,3.0,98
2022-06-16,1900 Mohawk,,3 102.10 THREATS 104.11 VIOLENT CONDUCT 105.13 GANGS 4,4.0,120
2022-06-16,1245 Mohawk,,3 113.10 WEAPON 114.10 SMUGGLING 113.11 ALTERED ITEM 3,3.0,120
2022-06-16,1310 Mohawk,,3 104.11 VIOLENT CONDUCT 115.10 SEARCH/FRISK 107.11 HARASSMENT 3,3.0,30
2022-06-16,1600 Otisville,,3 100.10 ASSAULT ON INCAR INDIV 104.11 VIOLENT CONDUCT 104.13 CREATE DISTURB 3,3.0,90
2022-06-16,1300 Sullivan,,3 113.10 WEAPON 1,1.0,365
2022-06-16,1030 Sullivan,,3 102.10 THREATS 103.10 BRIBERY/EXTORTION 181.10 HEARING DISP 4,4.0,90
2022-06-16,1320 Wende,,3 113.10 WEAPON 113.23 CONTRABAND 2,2.0,275
2022-06-16,1217 Wyoming,,3 113.10 WEAPON 106.10 DIRECT ORDER 113.23 CONTRABAND 6,5.0,120
2022-06-16,1155 Wyoming,,3 113.10 WEAPON 100.13 FIGHTING 104.11 VIOLENT CONDUCT 9,9.0,120
2022-06-16,1941 Wyoming,,3 100.10 ASSAULT ON INCAR INDIV 100.13 FIGHTING 100.13 FIGHTING 11,11.0,60
2022-06-17,1407 Attica,,3 100.10 ASSAULT ON INCAR INDIV 100.13 FIGHTING 104.11 VIOLENT CONDUCT 4,4.0,59
2022-06-17,1100 Franklin,,3 102.10 THREATS 1,1.0,59
2022-06-17,700 Great Meadow,,3 101.22 STALKING 102.10 THREATS 180.11 FACIL CORRESPOND 5,5.0,365
2022-06-17,715 Great Meadow,,3 100.11 ASSAULT ON STAFF 118.22 UNHYGIENIC ACT 2,2.0,90
2022-06-17,900 Mid-State,,3 100.11 ASSAULT ON STAFF 118.22 UNHYGIENIC ACT 102.10 THREATS 9,9.0,365
2022-06-17,740 Mohawk,,3 113.10 WEAPON 113.23 CONTRABAND 113.11 ALTERED ITEM 3,3.0,180
2022-06-17,915 Mohawk,,3 113.10 WEAPON 113.11 ALTERED ITEM 2,2.0,60
2022-06-17,740 Mohawk,,3 108.13 ESCAPE ITEMS 113.23 CONTRABAND 113.22 PROP UNAUTH LOC 3,3.0,60
2022-06-17,940 Mohawk,,3 113.10 WEAPON 114.10 SMUGGLING 2,2.0,120
2022-06-17,920 Shawangunk,,3 101.10 SEX OFFENSE 101.20 LEWD CONDUCT 180.10 FACIL VISITING 3,3.0,33
2022-06-17,950 Upstate,,3 106.10 DIRECT ORDER 107.10 INTERFERENCE 109.12 MOVEMENT VIO 5,3.0,44
2022-06-17,1655 Upstate,,3 100.13 FIGHTING 106.10 DIRECT ORDER 2,2.0,45
2022-06-17,940 Wende,,3 100.11 ASSAULT ON STAFF 104.11 VIOLENT CONDUCT 104.13 CREATE DISTURB 3,3.0,365
2022-06-18,1315 Attica,,3 106.10 DIRECT ORDER 107.10 INTERFERENCE 104.13 CREATE DISTURB 4,4.0,4
2022-06-18,1240 Bare Hill,,3 102.10 THREATS 104.11 VIOLENT CONDUCT 106.10 DIRECT ORDER 6,6.0,55
2022-06-18,655 Cape Vincent,,3 118.22 UNHYGIENIC ACT 106.10 DIRECT ORDER 2,2.0,15
2022-06-18,1115 Cayuga,,3 118.22 UNHYGIENIC ACT 104.11 VIOLENT CONDUCT 106.10 DIRECT ORDER 5,5.0,60
2022-06-18,300 Collins,,3 106.10 DIRECT ORDER 104.13 CREATE DISTURB 4,2.0,3
2022-06-18,945 Collins,,3 102.10 THREATS 104.11 VIOLENT CONDUCT 107.10 INTERFERENCE 3,3.0,30
2022-06-18,1925 Elmira,,3 113.10 WEAPON 114.10 SMUGGLING 2,2.0,120
2022-06-18,1645 Great Meadow,,3 100.13 FIGHTING 106.10 DIRECT ORDER 104.13 CREATE DISTURB 3,3.0,30
2022-06-18,933 Greene,,3 106.10 DIRECT ORDER 107.10 INTERFERENCE 109.12 MOVEMENT VIO 3,3.0,15
2022-06-18,1055 Lakeview,,3 102.10 THREATS 104.11 VIOLENT CONDUCT 106.10 DIRECT ORDER 7,7.0,15
2022-06-18,2040 Marcy,,3 100.10 ASSAULT ON INCAR INDIV 113.10 WEAPON 100.13 FIGHTING 4,4.0,270
2022-06-18,2000 Mid-State,,3 106.10 DIRECT ORDER 107.10 INTERFERENCE 109.12 MOVEMENT VIO 3,3.0,15
2022-06-18,818 Orleans,,3 102.10 THREATS 114.10 SMUGGLING 106.10 DIRECT ORDER 6,6.0,45
2022-06-18,750 Upstate,,3 106.10 DIRECT ORDER 107.10 INTERFERENCE 109.12 MOVEMENT VIO 3,3.0,89
2022-06-18,1325 Wyoming,,3 100.13 FIGHTING 104.13 CREATE DISTURB 107.20 FALSE INFORMATION 6,4.0,3
2022-06-18,1325 Wyoming,,3 100.13 FIGHTING 104.13 CREATE DISTURB 5,2.0,3
2022-06-19,210 Auburn,,3 102.10 THREATS 106.10 DIRECT ORDER 112.22 OBSTRUCT VISIB 4,3.0,90
2022-06-19,1210 Clinton,,3 100.13 FIGHTING 104.11 VIOLENT CONDUCT 106.10 DIRECT ORDER 4,4.0,90
2022-06-19,1210 Clinton,,3 100.13 FIGHTING 104.11 VIOLENT CONDUCT 106.10 DIRECT ORDER 4,4.0,120
2022-06-19,1210 Clinton,,3 100.13 FIGHTING 104.11 VIOLENT CONDUCT 106.10 DIRECT ORDER 4,4.0,45
2022-06-19,1532 Coxsackie,,3 100.11 ASSAULT ON STAFF 118.22 UNHYGIENIC ACT 102.10 THREATS 8,8.0,365
2022-06-19,1515 Great Meadow,,3 100.11 ASSAULT ON STAFF 100.13 FIGHTING 104.11 VIOLENT CONDUCT 6,6.0,270
2022-06-19,1900 Lakeview,,3 102.10 THREATS 106.10 DIRECT ORDER 104.13 CREATE DISTURB 6,4.0,3
,,,"Disciplinary Incidents Originally Resulting in a SHU sanction - June 2022 (Dismissals Excluded, Only Guilty Rule Violations Included) As of July 1, 2022",,
Date,Time Facility,,TIER Guilty1 G1Label Guilty2 G2Label Guilty3 G3Label Total Infractions Total Guilty Infractions,,Original SHU Days
2022-06-19,1920 Marcy,,3 113.10 WEAPON 114.10 SMUGGLING 2,2.0,122
2022-06-19,912 Mid-State,,3 104.11 VIOLENT CONDUCT 1,1.0,30
2022-06-19,1930 Mid-State,,3 100.10 ASSAULT ON INCAR INDIV 104.11 VIOLENT CONDUCT 2,2.0,180
2022-06-19,935 Mid-State,,3 104.11 VIOLENT CONDUCT 106.10 DIRECT ORDER 104.13 CREATE DISTURB 3,3.0,29
2022-06-19,840 Otisville,,3 102.10 THREATS 104.11 VIOLENT CONDUCT 106.10 DIRECT ORDER 5,5.0,64
2022-06-19,1755 Upstate,,3 113.10 WEAPON 113.23 CONTRABAND 113.11 ALTERED ITEM 3,3.0,45
2022-06-19,845 Upstate,,3 106.10 DIRECT ORDER 107.10 INTERFERENCE 109.12 MOVEMENT VIO 3,3.0,90
2022-06-20,1830 Albion,,3 102.10 THREATS 106.10 DIRECT ORDER 107.10 INTERFERENCE 4,4.0,15
2022-06-20,1100 Attica,,3 100.13 FIGHTING 106.10 DIRECT ORDER 104.13 CREATE DISTURB 4,3.0,32
2022-06-20,910 Auburn,,3 113.10 WEAPON 114.10 SMUGGLING 2,2.0,120
2022-06-20,510 Clinton,,3 104.12 DEMONSTRATION 106.10 DIRECT ORDER 109.12 MOVEMENT VIO 4,4.0,90
2022-06-20,1350 Clinton,,3 104.12 DEMONSTRATION 106.10 DIRECT ORDER 109.12 MOVEMENT VIO 4,4.0,45
2022-06-20,1220 Clinton,,3 100.13 FIGHTING 104.11 VIOLENT CONDUCT 106.10 DIRECT ORDER 4,4.0,60
2022-06-20,1350 Clinton,,3 104.12 DEMONSTRATION 106.10 DIRECT ORDER 109.12 MOVEMENT VIO 4,4.0,90
2022-06-20,510 Clinton,,3 104.12 DEMONSTRATION 106.10 DIRECT ORDER 109.12 MOVEMENT VIO 4,3.0,90
2022-06-20,510 Clinton,,3 104.12 DEMONSTRATION 106.10 DIRECT ORDER 109.12 MOVEMENT VIO 4,3.0,90
2022-06-20,1350 Clinton,,3 104.12 DEMONSTRATION 106.10 DIRECT ORDER 109.12 MOVEMENT VIO 4,3.0,60
2022-06-20,1330 Clinton,,3 104.11 VIOLENT CONDUCT 104.12 DEMONSTRATION 104.13 CREATE DISTURB 3,3.0,160
2022-06-20,510 Clinton,,3 104.12 DEMONSTRATION 106.10 DIRECT ORDER 109.12 MOVEMENT VIO 4,4.0,90
2022-06-20,510 Clinton,,3 104.12 DEMONSTRATION 106.10 DIRECT ORDER 109.12 MOVEMENT VIO 4,4.0,200
2022-06-20,1350 Clinton,,3 104.12 DEMONSTRATION 106.10 DIRECT ORDER 109.12 MOVEMENT VIO 4,4.0,30
2022-06-20,510 Clinton,,3 104.12 DEMONSTRATION 106.10 DIRECT ORDER 109.12 MOVEMENT VIO 4,4.0,90
2022-06-20,800 Elmira,,3 100.13 FIGHTING 104.11 VIOLENT CONDUCT 107.10 INTERFERENCE 5,4.0,120
2022-06-20,800 Elmira,,3 100.13 FIGHTING 104.11 VIOLENT CONDUCT 106.10 DIRECT ORDER 5,4.0,14
2022-06-20,1320 Fishkill,,3 100.11 ASSAULT ON STAFF 104.11 VIOLENT CONDUCT 106.10 DIRECT ORDER 7,3.0,120
2022-06-20,1800 Great Meadow,,3 113.10 WEAPON 113.23 CONTRABAND 2,2.0,270
2022-06-20,1730 Great Meadow,,3 113.10 WEAPON 105.13 GANGS 113.23 CONTRABAND 3,3.0,365
2022-06-20,2040 Great Meadow,,3 100.11 ASSAULT ON STAFF 104.11 VIOLENT CONDUCT 3,2.0,120
2022-06-20,1930 Great Meadow,,3 113.10 WEAPON 113.23 CONTRABAND 2,2.0,180
2022-06-20,1639 Great Meadow,,3 118.22 UNHYGIENIC ACT 102.10 THREATS 2,2.0,90
2022-06-20,110 Green Haven,,3 101.20 LEWD CONDUCT 107.11 HARASSMENT 2,2.0,2
2022-06-20,1655 Mohawk,,3 100.13 FIGHTING 104.11 VIOLENT CONDUCT 104.11 VIOLENT CONDUCT 6,6.0,89
2022-06-20,1400 Otisville,,3 104.11 VIOLENT CONDUCT 115.10 SEARCH/FRISK 106.10 DIRECT ORDER 3,3.0,90
2022-06-20,2100 Sing Sing,,3 100.10 ASSAULT ON INCAR INDIV 113.10 WEAPON 104.11 VIOLENT CONDUCT 4,4.0,85
2022-06-20,2130 Upstate,,3 118.22 UNHYGIENIC ACT 102.10 THREATS 106.10 DIRECT ORDER 3,3.0,45
2022-06-20,1126 Upstate,,3 100.13 FIGHTING 106.10 DIRECT ORDER 107.10 INTERFERENCE 4,4.0,90
2022-06-20,1126 Upstate,,3 100.13 FIGHTING 106.10 DIRECT ORDER 4,2.0,30
2022-06-21,2005 Albion,,3 100.13 FIGHTING 104.11 VIOLENT CONDUCT 2,2.0,15
2022-06-21,1600 Albion,,3 104.11 VIOLENT CONDUCT 107.10 INTERFERENCE 2,2.0,15
2022-06-21,2005 Albion,,3 100.13 FIGHTING 104.11 VIOLENT CONDUCT 2,2.0,15
2022-06-21,2010 Auburn,,3 113.10 WEAPON 1,1.0,120
2022-06-21,600 Clinton,,3 104.12 DEMONSTRATION 106.10 DIRECT ORDER 109.12 MOVEMENT VIO 3,3.0,70
2022-06-21,725 Clinton,,3 100.10 ASSAULT ON INCAR INDIV 104.11 VIOLENT CONDUCT 104.13 CREATE DISTURB 3,3.0,180
2022-06-21,2035 Franklin,,3 100.13 FIGHTING 104.11 VIOLENT CONDUCT 106.10 DIRECT ORDER 4,4.0,80
2022-06-21,2040 Franklin,,3 100.10 ASSAULT ON INCAR INDIV 113.10 WEAPON 100.13 FIGHTING 6,6.0,85
2022-06-21,740 Franklin,,3 113.10 WEAPON 114.10 SMUGGLING 106.10 DIRECT ORDER 5,5.0,101
2022-06-21,1310 Gouverneur,,3 102.10 THREATS 104.11 VIOLENT CONDUCT 106.10 DIRECT ORDER 4,4.0,60
,,,"Disciplinary Incidents Originally Resulting in a SHU sanction - June 2022 (Dismissals Excluded, Only Guilty Rule Violations Included) As of July 1, 2022",,
Date,Time,Facility,TIER Guilty1 G1Label Guilty2 G2Label Guilty3 G3Label Total Infractions Total Guilty Infractions,,Original SHU Days
2022-06-21,1005 Great Meadow,,3 113.10 WEAPON 113.23 CONTRABAND 2,2.0,200
2022-06-21,1930 Greene,,3 106.10 DIRECT ORDER 107.10 INTERFERENCE 109.12 MOVEMENT VIO 3,3.0,90
2022-06-21,950 Greene,,3 100.13 FIGHTING 104.11 VIOLENT CONDUCT 106.10 DIRECT ORDER 4,4.0,3
2022-06-21,1135 Lakeview,,3 102.10 THREATS 104.11 VIOLENT CONDUCT 106.10 DIRECT ORDER 4,4.0,7
2022-06-21,1850 Marcy,,3 104.11 VIOLENT CONDUCT 106.10 DIRECT ORDER 104.13 CREATE DISTURB 3,3.0,92
2022-06-21,1200 Marcy,,3 114.10 SMUGGLING 113.23 CONTRABAND 2,2.0,63
2022-06-21,2310 Mid-State,,3 100.10 ASSAULT ON INCAR INDIV 113.10 WEAPON 104.11 VIOLENT CONDUCT 4,3.0,179
2022-06-21,450 Mohawk,,3 100.13 FIGHTING 104.11 VIOLENT CONDUCT 106.10 DIRECT ORDER 4,4.0,90
2022-06-21,450 Mohawk,,3 100.13 FIGHTING 104.11 VIOLENT CONDUCT 106.10 DIRECT ORDER 4,3.0,30
2022-06-21,1020 Orleans,,3 102.10 THREATS 102.10 THREATS 104.11 VIOLENT CONDUCT 11,11.0,180
2022-06-21,1740 Riverview,,3 113.10 WEAPON 102.10 THREATS 104.11 VIOLENT CONDUCT 7,7.0,273
2022-06-21,1110 Sullivan,,3 113.10 WEAPON 1,1.0,365
2022-06-21,1145 Sullivan,,3 106.10 DIRECT ORDER 101.20 LEWD CONDUCT 2,2.0,60
2022-06-21,1230 Upstate,,3 100.13 FIGHTING 104.11 VIOLENT CONDUCT 2,2.0,90
2022-06-21,1950 Wyoming,,3 106.10 DIRECT ORDER 107.10 INTERFERENCE 109.12 MOVEMENT VIO 3,3.0,15
2022-06-21,1930 Wyoming,,3 106.10 DIRECT ORDER 107.10 INTERFERENCE 109.12 MOVEMENT VIO 3,3.0,15
2022-06-21,1135 Wyoming,,3 100.13 FIGHTING 104.11 VIOLENT CONDUCT 105.13 GANGS 7,6.0,30
2022-06-22,940 Attica,,3 102.10 THREATS 115.10 SEARCH/FRISK 104.13 CREATE DISTURB 4,4.0,89
2022-06-22,1110 Cayuga,,3 102.10 THREATS 106.10 DIRECT ORDER 107.10 INTERFERENCE 7,6.0,60
2022-06-22,730 Clinton,,3 100.13 FIGHTING 104.11 VIOLENT CONDUCT 104.13 CREATE DISTURB 3,3.0,120
2022-06-22,730 Clinton,,3 100.10 ASSAULT ON INCAR INDIV 113.10 WEAPON 100.13 FIGHTING 5,5.0,209
2022-06-22,1520 Clinton,,3 104.12 DEMONSTRATION 106.10 DIRECT ORDER 107.10 INTERFERENCE 6,6.0,90
2022-06-22,748 Clinton,,3 104.11 VIOLENT CONDUCT 104.12 DEMONSTRATION 105.13 GANGS 6,5.0,180
2022-06-22,1520 Clinton,,3 104.12 DEMONSTRATION 106.10 DIRECT ORDER 107.10 INTERFERENCE 6,6.0,179
2022-06-22,1520 Clinton,,3 104.12 DEMONSTRATION 106.10 DIRECT ORDER 107.10 INTERFERENCE 6,6.0,180
2022-06-22,1730 Clinton,,3 104.11 VIOLENT CONDUCT 115.10 SEARCH/FRISK 106.10 DIRECT ORDER 6,6.0,30
2022-06-22,1925 Collins,,3 113.10 WEAPON 3,1.0,45
2022-06-22,1950 Collins,,3 113.10 WEAPON 2,1.0,90
2022-06-22,1405 Five Points,,3 100.10 ASSAULT ON INCAR INDIV 113.10 WEAPON 100.13 FIGHTING 6,6.0,271
2022-06-22,2300 Greene,,3 102.10 THREATS 106.10 DIRECT ORDER 107.10 INTERFERENCE 4,4.0,30
2022-06-22,830 Mohawk,,3 100.11 ASSAULT ON STAFF 104.11 VIOLENT CONDUCT 107.11 HARASSMENT 5,3.0,270
2022-06-22,915 Upstate,,3 106.10 DIRECT ORDER 107.10 INTERFERENCE 2,2.0,60
2022-06-22,830 Wende,,3 104.11 VIOLENT CONDUCT 104.12 DEMONSTRATION 106.10 DIRECT ORDER 6,6.0,240
